ID,Date,Temperature,Humidity,Wind_speed,Visibility,Dew.point.temperature
1,2017-12-01,-5.2,37,2.2,2000,-17.6
2,2017-12-01,-5.5,38,0.8,2000,-17.6
3,2017-12-01,-6,39,1,2000,-17.7
4,2017-12-01,-6.2,40,0.9,2000,-17.6
5,2017-12-01,-6,36,2.3,2000,-18.6
6,2017-12-01,-6.4,37,1.5,2000,-18.7
7,2017-12-01,-6.6,35,1.3,2000,-19.5
8,2017-12-01,-7.4,38,0.9,2000,-19.3
9,2017-12-01,-7.6,37,1.1,2000,-19.8
10,2017-12-01,-6.5,27,0.5,1928,-22.4
11,2017-12-01,-3.5,24,1.2,1996,-21.2
12,2017-12-01,-0.5,21,1.3,1936,-20.2
13,2017-12-01,1.7,23,1.4,2000,-17.2
14,2017-12-01,2.4,25,1.6,2000,-15.6
15,2017-12-01,3,26,2,2000,-14.6
16,2017-12-01,2.1,36,3.2,2000,-11.4
17,2017-12-01,1.2,54,4.2,793,-7
18,2017-12-01,0.8,58,1.6,2000,-6.5
19,2017-12-01,0.6,66,1.4,2000,-5
20,2017-12-01,0,77,1.7,2000,-3.5
21,2017-12-01,-0.3,79,1.5,1913,-3.5
22,2017-12-01,-0.8,81,0.8,1687,-3.6
23,2017-12-01,-0.9,83,1.5,1380,-3.4
24,2017-12-01,-1.3,84,1,1265,-3.6
25,2017-12-02,-1.8,87,1.1,994,-3.6
26,2017-12-02,-2.2,86,0.6,990,-4.2
27,2017-12-02,-2.9,86,1.5,1256,-4.9
28,2017-12-02,-3.5,81,2.2,1221,-6.2
29,2017-12-02,NA,79,2,1167,-6.9
30,2017-12-02,-4,79,1.5,1202,-7.1
31,2017-12-02,-4.3,82,2.1,1178,-6.9
32,2017-12-02,-4.4,81,2.5,1276,-7.1
33,2017-12-02,-4.2,79,2.1,1436,-7.3
34,2017-12-02,-2.9,68,1.6,1487,-7.9
35,2017-12-02,-0.4,57,1.6,1309,-7.8
36,2017-12-02,1.9,49,1.8,1406,-7.7
37,2017-12-02,4.3,41,1.3,1666,-7.8
38,2017-12-02,6,36,1.8,1780,-7.9
39,2017-12-02,7.3,35,1.3,1955,-7.1
40,2017-12-02,7.6,41,2.3,1953,-4.8
41,2017-12-02,6.4,48,2.6,1945,-3.8
42,2017-12-02,6,51,2.5,1891,-3.3
43,2017-12-02,5.5,53,1.5,1697,-3.3
44,2017-12-02,5,52,2.3,1666,-4
45,2017-12-02,4.6,51,1.2,1585,-4.6
46,2017-12-02,4.1,55,1.2,1448,-4.1
47,2017-12-02,3.5,54,1.5,1446,-4.9
48,2017-12-02,4,56,1,1352,-4
49,2017-12-03,4,58,1.4,1296,-3.5
50,2017-12-03,3.9,69,1.7,485,-1.2
51,2017-12-03,3.3,79,1.4,830,0
52,2017-12-03,3.4,71,1.6,1011,-1.3
53,2017-12-03,3.5,73,1,1060,-0.8
54,2017-12-03,3.9,75,1.9,914,-0.1
55,2017-12-03,3.4,86,2.5,278,1.2
56,2017-12-03,3.1,NA,1.2,129,1.7
57,2017-12-03,3.2,92,1.8,244,2
58,2017-12-03,3.5,91,1.8,231,NA
59,2017-12-03,4.4,89,2.2,257,2.7
60,2017-12-03,5.1,87,1.4,321,3.1
61,2017-12-03,5.8,85,1.7,349,3.4
62,2017-12-03,6.8,81,1.9,390,3.7
63,2017-12-03,7.6,76,1.2,422,3.6
64,2017-12-03,8,73,1.6,433,3.4
65,2017-12-03,7.6,77,1.6,399,3.8
66,2017-12-03,6.7,82,1.5,358,3.8
67,2017-12-03,6,84,1.9,327,3.4
68,2017-12-03,5.7,85,1.7,309,3.3
69,2017-12-03,5.2,87,1.4,253,3.2
70,2017-12-03,4.7,87,1.2,247,2.7
71,2017-12-03,4.3,89,1.8,201,2.6
72,2017-12-03,3.9,90,1.3,194,2.4
73,2017-12-04,4.2,88,0.6,216,2.3
74,2017-12-04,4.3,87,0.5,221,2.3
75,2017-12-04,4.4,87,1.8,207,2.4
76,2017-12-04,3.6,85,2.3,206,1.3
77,2017-12-04,2.8,89,1.5,130,1.1
78,2017-12-04,2,83,2.7,253,-0.5
79,2017-12-04,1.2,76,3.7,371,-2.5
80,2017-12-04,0.2,68,3.4,702,-5
81,2017-12-04,-0.8,69,3.5,954,NA
82,2017-12-04,-1.5,47,4.2,1888,-11.3
83,2017-12-04,-1.1,40,4.5,2000,-13
84,2017-12-04,-0.5,41,4.1,1799,-12.1
85,2017-12-04,-0.3,38,4.8,1823,-12.9
86,2017-12-04,0,30,5.4,1938,-15.5
87,2017-12-04,0.1,27,4.5,2000,-16.7
88,2017-12-04,-0.1,25,5.8,2000,-17.8
89,2017-12-04,-0.2,23,4.7,2000,-18.8
90,2017-12-04,-1.3,26,5.3,2000,-18.3
91,2017-12-04,-2.1,29,3.9,2000,-17.7
92,2017-12-04,-2.9,32,3.2,2000,-17.3
93,2017-12-04,-3.6,38,3,2000,-15.8
94,2017-12-04,-4.6,43,4.5,2000,-15.3
95,2017-12-04,-5.3,45,2.5,2000,-15.3
96,2017-12-04,-5.8,44,2.4,2000,-16.1
97,2017-12-05,-6.1,42,2.6,2000,-16.9
98,2017-12-05,-6.5,41,2.8,2000,-17.6
99,2017-12-05,-6.8,41,2.5,NA,-17.8
100,2017-12-05,-6.9,39,2,2000,-18.5
101,2017-12-05,-7.2,34,3,2000,-20.4
102,2017-12-05,-7.4,33,2.6,2000,-20.9
103,2017-12-05,-7.4,34,3.2,2000,-20.6
104,2017-12-05,-7.5,33,2.2,2000,-21
105,2017-12-05,-8.1,36,1.6,2000,-20.5
106,2017-12-05,-7.6,31,1.3,1974,-21.8
107,2017-12-05,-5.5,26,2.8,1967,-22
108,2017-12-05,-3.9,25,0,1959,-21
109,2017-12-05,-2.3,25,0,1962,-19.7
110,2017-12-05,-1.6,27,0,1955,-18.2
111,2017-12-05,-1.1,28,0,2000,-17.3
112,2017-12-05,-0.7,28,0,2000,-16.9
113,2017-12-05,-0.5,30,0,2000,-16
114,2017-12-05,-1.6,35,0,2000,-15.1
115,2017-12-05,-2.6,40,0,2000,-14.4
116,2017-12-05,-3.2,45,0,NA,-13.5
117,2017-12-05,-3.5,46,0,2000,-13.4
118,2017-12-05,-3.7,47,0,2000,-13.3
119,2017-12-05,-2.8,49,0,2000,-12
120,2017-12-05,-2.5,59,0,1210,-9.4
121,2017-12-06,-2.8,NA,0,331,-6.2
122,2017-12-06,-3,79,0,293,-6.1
123,2017-12-06,-3,79,0,1862,-6.1
124,2017-12-06,-3.2,78,0,1808,-6.4
125,2017-12-06,-3.4,75,0,1982,-7.2
126,2017-12-06,-3.6,76,0,1934,-7.2
127,2017-12-06,-3.7,NA,0,1864,-7.3
128,2017-12-06,-4.2,77,0,1741,-7.6
129,2017-12-06,-4.2,78,0,1518,-7.4
130,2017-12-06,-3.3,70,0,1324,-7.9
131,2017-12-06,-0.9,64,0,1224,-6.8
132,2017-12-06,1.6,57,NA,1261,-6
133,2017-12-06,2.4,52,0.9,1224,-6.4
134,2017-12-06,4.2,47,1.1,1469,-6.1
135,2017-12-06,5.5,34,1,1966,-9.1
136,2017-12-06,5.5,31,3.1,1968,-10.3
137,2017-12-06,5.3,37,2.9,2000,-8.2
138,2017-12-06,4.1,60,2.5,1565,-2.9
139,2017-12-06,1.7,90,1,66,0.2
140,2017-12-06,1.2,92,0.7,180,0
141,2017-12-06,1.2,94,0.6,228,0.3
142,2017-12-06,1.1,92,0.5,235,0
143,2017-12-06,1.3,92,0.6,233,0.1
144,2017-12-06,1.3,92,0.6,209,0.1
145,2017-12-07,1.4,92,0.5,240,0.2
146,2017-12-07,1.5,92,0.4,227,0.3
147,2017-12-07,1.4,92,0.7,168,0.2
148,2017-12-07,1.9,NA,1.4,218,0.5
149,2017-12-07,1.6,92,0.7,119,0.4
150,2017-12-07,1.5,92,1.1,175,0.3
151,2017-12-07,1,93,0.5,148,0
152,2017-12-07,0.3,93,0.5,173,-0.7
153,2017-12-07,-0.2,96,0.8,173,-0.7
154,2017-12-07,0.1,91,0.8,265,-1.1
155,2017-12-07,1.1,83,0.7,311,-1.4
156,2017-12-07,2.3,69,1.7,628,-2.8
157,2017-12-07,3.7,65,2.4,833,-2.2
158,2017-12-07,4.1,37,3.1,1767,-9.3
159,2017-12-07,4.4,36,2.7,1975,-9.4
160,2017-12-07,4,35,3.1,1962,-10.1
161,2017-12-07,3.2,38,2.9,1817,-9.7
162,2017-12-07,2.1,50,2,1434,-7.2
163,2017-12-07,0.7,46,2.7,1558,-9.6
164,2017-12-07,-0.4,47,2.5,1269,-10.3
165,2017-12-07,-1.4,47,2.5,1620,-11.2
166,2017-12-07,-2.2,46,2.2,1975,-12.2
167,2017-12-07,-2.7,48,2.6,1844,-12.2
168,2017-12-07,-3.2,50,2.1,1887,-12.1
169,2017-12-08,-3.5,49,2.6,1893,-12.6
170,2017-12-08,-3.7,50,2.5,1902,-12.6
171,2017-12-08,-4.3,53,1,1918,-12.4
172,2017-12-08,-4.8,52,1.6,1978,-13.1
173,2017-12-08,-5.3,53,2.4,1936,-13.4
174,2017-12-08,-5.8,56,2,1941,-13.1
175,2017-12-08,-6,56,3.5,1853,-13.3
176,2017-12-08,-6.5,57,0.8,1776,-13.6
177,2017-12-08,-7,59,0.8,1559,-13.6
178,2017-12-08,-6.7,50,0.9,1492,-15.4
179,2017-12-08,-5.3,44,2.8,1516,-15.6
180,2017-12-08,-3.7,39,1.4,1595,-15.6
181,2017-12-08,-2,30,1.4,1728,-17.3
182,2017-12-08,-1.7,28,1.8,1963,-17.8
183,2017-12-08,-1.3,27,3.1,1906,-17.9
184,2017-12-08,-0.8,26,3.3,1977,-17.9
185,2017-12-08,-1.1,24,3.4,2000,-19.1
186,2017-12-08,-2.4,30,2.7,2000,-17.6
187,2017-12-08,-3.1,33,1.2,2000,-17.1
188,2017-12-08,-3.3,35,1.1,2000,-16.6
189,2017-12-08,-3.3,34,1.5,2000,-16.9
190,2017-12-08,-3.3,35,0.5,2000,-16.6
191,2017-12-08,-3.4,39,1.2,2000,-15.4
192,2017-12-08,-3.5,43,0.9,2000,-14.3
193,2017-12-09,-3.5,48,0.9,1967,-12.9
194,2017-12-09,-4.1,49,0.6,2000,-13.2
195,2017-12-09,-4.7,50,0.7,1983,-13.5
196,2017-12-09,-4.3,47,0.6,1992,-13.9
197,2017-12-09,-4.3,49,0.7,2000,-13.4
198,2017-12-09,-4.7,49,0.8,1999,-13.8
199,2017-12-09,-5.1,53,0.9,1975,-13.2
200,2017-12-09,-5.5,56,0.8,1950,-12.9
201,2017-12-09,-5.4,56,0.7,1940,-12.8
202,2017-12-09,-4.7,48,1,1784,-14
203,2017-12-09,-2.2,42,1.3,1646,-13.4
204,2017-12-09,0,45,1.1,1500,-10.5
205,2017-12-09,2.4,40,0.8,1809,-9.8
206,2017-12-09,3.9,36,2,1702,-9.8
207,2017-12-09,4.7,32,2.2,1948,-10.6
208,2017-12-09,5.2,30,2,1963,-11
209,2017-12-09,4.4,33,1.6,1963,-10.5
210,2017-12-09,3.5,37,1.8,1963,-9.8
211,2017-12-09,2.5,41,1,1974,-9.4
212,2017-12-09,1.5,48,0.4,1878,-8.3
213,2017-12-09,0.8,51,1.4,1848,-8.2
214,2017-12-09,-0.1,55,0.7,1654,-8
215,2017-12-09,-0.5,55,0.6,1655,-8.4
216,2017-12-09,-0.1,54,1.3,1570,-8.3
217,2017-12-10,-0.2,55,1,1629,-8.1
218,2017-12-10,-0.2,54,0.5,1747,-8.4
219,2017-12-10,NA,52,0.7,1726,NA
220,2017-12-10,0.3,53,0.5,1748,-8.1
221,2017-12-10,0.4,52,1.6,1816,-8.3
222,2017-12-10,0.3,74,1,178,-3.7
223,2017-12-10,-0.5,90,0.9,91,-1.9
224,2017-12-10,-0.4,92,1.1,121,-1.5
225,2017-12-10,-0.2,90,1.2,378,-1.6
226,2017-12-10,0.2,90,1,305,-1.2
227,2017-12-10,0.5,91,0.4,143,-0.8
228,2017-12-10,0.9,92,0.9,137,-0.2
229,2017-12-10,2.3,88,0.3,245,0.5
230,2017-12-10,3.3,87,1.1,230,1.3
231,2017-12-10,4.2,85,0.7,325,1.8
232,2017-12-10,6.7,63,4.5,715,0.1
233,2017-12-10,5.4,71,3.5,622,0.5
234,2017-12-10,3.6,65,4.3,1061,-2.3
235,2017-12-10,2,61,3,2000,-4.7
236,2017-12-10,1.6,53,4,2000,-6.9
237,2017-12-10,0.6,57,3.9,1954,-6.9
238,2017-12-10,0,59,3,1862,-7
239,2017-12-10,-1,56,4.7,2000,-8.6
240,2017-12-10,-1.4,43,4.3,2000,-12.3
241,2017-12-11,-2.5,39,3.4,2000,-14.5
242,2017-12-11,-3.4,36,3.8,2000,-16.3
243,2017-12-11,-4.2,35,3.4,2000,-17.4
244,2017-12-11,-4.7,38,2.4,2000,-16.8
245,2017-12-11,-5.2,35,3.2,2000,-18.3
246,2017-12-11,-5.6,38,3.2,1974,-17.6
247,2017-12-11,-5.9,39,2.9,1979,-17.6
248,2017-12-11,-6,39,3.1,1996,-17.7
249,2017-12-11,-6,38,3.6,1994,-18
250,2017-12-11,-5.9,36,5.1,1941,-18.6
251,2017-12-11,-5.3,32,4.5,2000,-19.4
252,2017-12-11,-4.7,36,3.8,2000,-17.5
253,2017-12-11,-5.2,33,4.6,1973,-19
254,2017-12-11,-5.4,32,5.1,1986,-19.5
255,2017-12-11,-5.4,31,4.1,1945,-19.9
256,2017-12-11,-5.5,33,4.5,2000,-19.2
257,2017-12-11,-6,40,4,2000,-17.4
258,2017-12-11,-7.1,44,4.2,2000,-17.3
259,2017-12-11,-7.9,43,3.3,2000,-18.3
260,2017-12-11,-8.6,45,3.9,2000,-18.4
261,2017-12-11,-9.3,49,3.8,2000,-18
262,2017-12-11,-9.7,51,2.5,2000,-17.9
263,2017-12-11,-10.2,50,3,2000,-18.6
264,2017-12-11,-10.7,53,1.2,2000,-18.4
265,2017-12-12,-11,51,1.1,2000,-19.1
266,2017-12-12,-11.2,51,1.1,2000,-19.3
267,2017-12-12,-11.5,50,0.7,2000,-19.8
268,2017-12-12,-11.6,50,2.2,1995,-19.9
269,2017-12-12,-11.6,47,2.1,1982,-20.6
270,2017-12-12,-11.6,45,2.8,1951,-21.1
271,2017-12-12,-11.8,47,2.5,1973,-20.8
272,2017-12-12,-12.1,50,2.3,1929,-20.4
273,2017-12-12,-12.3,52,1.3,1914,-20.1
274,2017-12-12,-11.8,46,2.9,1956,-21.1
275,2017-12-12,-10.5,45,3.3,1855,-20.1
276,2017-12-12,-9.4,42,3.1,1815,-19.9
277,2017-12-12,-8.3,35,2.9,1967,-21
278,2017-12-12,-6.9,37,2.4,1955,-19.1
279,2017-12-12,-5.4,32,2,1930,-19.5
280,2017-12-12,-5.8,30,2.8,2000,-20.6
281,2017-12-12,-6,29,2.8,1983,-21.2
282,2017-12-12,-7,32,2.6,2000,-20.9
283,2017-12-12,-7.7,36,1,2000,-20.2
284,2017-12-12,-8.2,43,1.1,2000,-18.5
285,2017-12-12,-8.4,42,1,2000,-19
286,2017-12-12,-8.8,43,1.4,1999,-19.1
287,2017-12-12,-9,45,1.3,1999,-18.7
288,2017-12-12,-9.3,47,2.1,2000,-18.5
289,2017-12-13,-9.5,48,1.3,1996,-18.4
290,2017-12-13,-10.2,52,1.6,1997,-18.2
291,2017-12-13,-10.4,53,1.8,1949,-18.1
292,2017-12-13,-10.9,55,1.8,1913,-18.1
293,2017-12-13,-11.4,58,1.3,1907,-18
294,2017-12-13,-11.5,58,1.1,1923,-18.1
295,2017-12-13,-11.9,57,1.1,1974,-18.7
296,2017-12-13,-11.7,53,1.6,1998,-19.3
297,2017-12-13,-11.4,47,3.3,2000,-20.4
298,2017-12-13,-11.1,46,3.4,1981,-20.4
299,2017-12-13,-9.5,39,2.1,1875,-20.9
300,2017-12-13,-8.1,35,1.8,1806,-20.9
301,2017-12-13,-6.5,30,2.9,1945,-21.2
302,2017-12-13,-5.8,28,2.9,1887,-21.4
303,2017-12-13,-4.7,27,2.9,1883,-20.8
304,2017-12-13,-4.9,26,3.1,1887,-21.5
305,2017-12-13,-4.5,26,2.2,2000,-21.1
306,2017-12-13,-5.6,29,1.7,2000,-20.8
307,2017-12-13,-6.6,33,1.1,2000,-20.2
308,2017-12-13,-6.6,31,1.6,2000,-20.9
309,2017-12-13,NA,35,0.8,2000,-20.4
310,2017-12-13,-8.3,39,1,2000,-19.8
311,2017-12-13,-8.9,39,0.1,2000,-20.3
312,2017-12-13,-9.2,44,0.4,1978,-19.2
313,2017-12-14,-9.5,50,0.6,1953,NA
314,2017-12-14,-9.8,48,0.8,2000,-18.7
315,2017-12-14,-10.6,44,0.8,1903,-20.5
316,2017-12-14,NA,48,0.4,1651,-19.6
317,2017-12-14,-11,50,0.8,1718,-19.4
318,2017-12-14,-10.8,48,0.8,1648,-19.6
319,2017-12-14,-11,55,0.8,1541,-18.2
320,2017-12-14,-10.9,57,1.1,1387,-17.7
321,2017-12-14,-10.4,54,1.1,1432,-17.9
322,2017-12-14,-9.4,44,0.5,1680,-19.4
323,2017-12-14,-7.7,43,0.9,1555,-18.1
324,2017-12-14,-6.1,38,1,1587,-18.1
325,2017-12-14,-4.9,34,1.3,1768,-18.3
326,2017-12-14,-3.8,32,0.9,1827,-18.1
327,2017-12-14,-2.7,28,0.7,1857,-18.7
328,2017-12-14,-2.5,29,1.1,1667,-18.1
329,2017-12-14,-2.4,28,0.9,1878,-18.4
330,2017-12-14,-2.9,31,0.6,1723,-17.7
331,2017-12-14,-3.5,35,1.1,1414,-16.7
332,2017-12-14,-4.2,40,0.9,1216,-15.8
333,2017-12-14,-4.8,43,1.1,1397,-15.4
334,2017-12-14,-4.8,45,0.8,1351,-14.9
335,2017-12-14,-4.9,44,1.1,1369,-15.3
336,2017-12-14,-5.6,53,1.2,1290,-13.6
337,2017-12-15,-5.7,53,0.6,1262,-13.7
338,2017-12-15,-6.3,57,0.4,1148,-13.4
339,2017-12-15,-6.8,58,0.4,1089,-13.6
340,2017-12-15,-6.9,56,0.5,1111,-14.2
341,2017-12-15,-7.1,59,0.8,1058,-13.7
342,2017-12-15,-7.5,64,0.9,989,-13.1
343,2017-12-15,-7.4,64,0.7,906,-13
344,2017-12-15,-7,63,0.6,865,-12.8
345,2017-12-15,-6.6,64,1.1,791,-12.2
346,2017-12-15,-5.9,60,0.6,691,-12.4
347,2017-12-15,-4.6,52,0.8,648,-12.9
348,2017-12-15,-2.9,46,1,809,-12.9
349,2017-12-15,-2.5,43,0.7,895,-13.3
350,2017-12-15,-1.6,40,0.3,868,-13.4
351,2017-12-15,-0.7,39,0.8,826,-12.9
352,2017-12-15,0.1,35,1.5,946,-13.5
353,2017-12-15,0,37,0.6,994,-12.9
354,2017-12-15,-0.2,39,0.8,1016,-12.5
355,2017-12-15,0.1,43,0.9,1485,-11
356,2017-12-15,0.6,41,1.2,1550,-11.1
357,2017-12-15,0.9,42,1.2,1113,-10.5
358,2017-12-15,0.7,47,2.7,1283,-9.3
359,2017-12-15,-0.1,49,2,870,-9.5
360,2017-12-15,-1.3,60,2.5,792,-8
361,2017-12-16,-2.6,73,3.4,787,-6.7
362,2017-12-16,-3.4,76,2.9,582,-7
363,2017-12-16,-4.1,73,2.1,567,-8.2
364,2017-12-16,-4.5,71,1.6,651,-8.9
365,2017-12-16,-5,70,2.7,702,-9.6
366,2017-12-16,-5.6,72,2,662,-9.8
367,2017-12-16,-6.1,69,2.9,765,-10.8
368,2017-12-16,-6.7,64,2.1,977,-12.3
369,2017-12-16,-7.3,62,2.6,1112,-13.3
370,2017-12-16,-7.2,47,2.8,1724,-16.6
371,2017-12-16,-6.2,42,2.3,1893,-17
372,2017-12-16,-5.2,30,4,1991,-20.1
373,2017-12-16,-4.1,28,3.8,1998,-19.9
374,2017-12-16,-3.7,23,4,1980,-21.8
375,2017-12-16,-3.4,22,4.3,1966,-22.1
376,2017-12-16,-3.3,22,5,2000,-22
377,2017-12-16,-3.3,24,3.5,2000,-21
378,2017-12-16,-4.6,26,2.6,2000,-21.2
379,2017-12-16,-5.3,28,3.5,2000,-21
380,2017-12-16,-6,32,2.4,2000,-20
381,2017-12-16,-6.6,37,3.4,2000,-18.9
382,2017-12-16,-7.1,39,3.2,2000,-18.7
383,2017-12-16,-7.6,41,1.6,2000,NA
384,2017-12-16,-8,41,2.2,2000,-18.9
385,2017-12-17,-8.1,41,2,2000,-19
386,2017-12-17,-8.4,40,1.6,2000,-19.6
387,2017-12-17,-8.7,40,2.8,2000,-19.8
388,2017-12-17,-9,40,3.1,2000,-20.1
389,2017-12-17,-9.5,40,1.9,2000,-20.6
390,2017-12-17,-9.7,41,3.1,2000,-20.5
391,2017-12-17,-9.9,42,2.3,2000,-20.4
392,2017-12-17,-10.2,42,2.3,2000,-20.6
393,2017-12-17,-10.7,43,NA,2000,-20.8
394,2017-12-17,-10.5,38,1.1,1950,-22.1
395,2017-12-17,-8.5,31,1.5,1997,-22.6
396,2017-12-17,-7.2,29,1.8,1926,-22.2
397,2017-12-17,-4.9,25,2.6,1966,-21.9
398,2017-12-17,-4.5,25,3.2,1989,-21.6
399,2017-12-17,-3.2,26,3.1,1933,-20
400,2017-12-17,-2.5,28,2,2000,-18.5
401,2017-12-17,-2.7,31,2.3,2000,-17.5
402,2017-12-17,-3.8,35,2.4,2000,-17
403,2017-12-17,-4.7,37,1.8,2000,-17.2
404,2017-12-17,-5.6,39,1.1,2000,-17.3
405,2017-12-17,-6,42,0.8,2000,-16.8
406,2017-12-17,-6.5,45,0.7,2000,-16.4
407,2017-12-17,-6.6,50,0.6,1990,-15.3
408,2017-12-17,-6.9,53,0.7,2000,-14.8
409,2017-12-18,-5.9,50,0.6,2000,-14.6
410,2017-12-18,-5.3,48,0.4,1664,-14.6
411,2017-12-18,-5,65,0.4,990,-10.5
412,2017-12-18,-5.3,76,1,767,-8.8
413,2017-12-18,-5.4,81,0.7,270,-8.1
414,2017-12-18,-5.3,81,0.9,923,-8
415,2017-12-18,-5.2,85,0.9,271,-7.3
416,2017-12-18,-5,85,0.7,186,-7.1
417,2017-12-18,-4.6,86,1.2,508,-6.5
418,2017-12-18,NA,89,1,59,-5.8
419,2017-12-18,-3.7,87,1,541,-5.5
420,2017-12-18,-2.9,85,1.2,243,-5
421,2017-12-18,-1.8,83,1.2,351,-4.3
422,2017-12-18,-0.9,84,1.2,333,-3.2
423,2017-12-18,0.5,76,0.9,364,-3.2
424,2017-12-18,1.6,73,0.9,421,-2.7
425,2017-12-18,1.8,76,0.8,410,-1.9
426,2017-12-18,0.4,84,0.8,317,-1.9
427,2017-12-18,0,88,0.6,277,-1.7
428,2017-12-18,1.3,65,1.1,1122,-4.5
429,2017-12-18,3.3,65,3.2,1172,-2.6
430,2017-12-18,2.8,73,2.4,831,-1.5
431,2017-12-18,1.5,82,2.4,537,-1.2
432,2017-12-18,0.1,81,2.9,551,-2.7
433,2017-12-19,-1,73,2.3,881,-5.2
434,2017-12-19,-2,72,0.8,979,-6.3
435,2017-12-19,-2.7,72,0.9,990,-7
436,2017-12-19,-2.8,NA,1.6,1315,-9.9
437,2017-12-19,-2.9,59,1.8,1286,-9.8
438,2017-12-19,-3.9,66,0.7,1209,-9.3
439,2017-12-19,-4.3,70,1.6,1169,-8.9
440,2017-12-19,-4.4,64,2.8,1367,-10.1
441,2017-12-19,-5.2,58,2.2,1594,-12.1
442,2017-12-19,-5.3,48,2.6,1810,-14.6
443,2017-12-19,-4.6,41,2.8,1815,-15.8
444,2017-12-19,-3.5,35,2.2,1742,-16.7
445,2017-12-19,-2.5,31,2.6,1778,-17.3
446,2017-12-19,-2.2,25,3.2,1970,-19.6
447,2017-12-19,-2.2,23,3.7,1971,-20.5
448,2017-12-19,-1.3,26,3,2000,-18.3
449,2017-12-19,-1.8,31,3.1,1993,-16.7
450,2017-12-19,-2.7,35,1.8,2000,-16
451,2017-12-19,-3.8,42,3.3,2000,-14.8
452,2017-12-19,-4.5,51,2,2000,-13.1
453,2017-12-19,-4.9,55,2,2000,-12.5
454,2017-12-19,-5,57,1.9,2000,-12.2
455,2017-12-19,NA,56,1.5,2000,-12.9
456,2017-12-19,-5.8,57,1.7,2000,-12.9
457,2017-12-20,-6.5,63,1.5,1666,-12.3
458,2017-12-20,-7.3,67,1.1,1593,-12.3
459,2017-12-20,-7.8,68,0.9,1642,-12.6
460,2017-12-20,-8.1,70,1.3,1557,-12.6
461,2017-12-20,-8.5,73,1,1723,-12.4
462,2017-12-20,-8.3,NA,0.9,1566,-13.3
463,2017-12-20,-8.2,66,0.9,1718,-13.4
464,2017-12-20,-8.1,67,0.9,1737,-13.1
465,2017-12-20,NA,65,1.1,1738,-13.2
466,2017-12-20,-6.7,62,1.1,1749,-12.7
467,2017-12-20,-5.4,56,1.1,1751,-12.8
468,2017-12-20,-4.2,51,1.1,1772,-12.8
469,2017-12-20,-3.2,49,1.3,1723,-12.4
470,2017-12-20,NA,43,1,1777,-12.3
471,2017-12-20,-0.5,44,1,1793,-11.2
472,2017-12-20,-0.2,45,1,1852,-10.7
473,2017-12-20,-0.5,48,1.1,1722,-10.1
474,2017-12-20,-0.9,70,1.1,299,-5.6
475,2017-12-20,-1.4,79,1.6,702,-4.5
476,2017-12-20,-1.5,81,1.8,751,-4.3
477,2017-12-20,-1.9,86,0.9,700,-3.9
478,2017-12-20,-2,83,1.2,904,-4.5
479,2017-12-20,-1.6,82,0.4,929,-4.2
480,2017-12-20,-1.1,87,1.4,349,-2.9
481,2017-12-21,-1.3,90,2,259,-2.7
482,2017-12-21,-1.8,90,1.6,263,-3.2
483,2017-12-21,-2.2,88,1.4,348,-3.9
484,2017-12-21,-2.9,89,1.3,288,NA
485,2017-12-21,-3.6,91,1.2,241,-4.8
486,2017-12-21,-4.3,91,1.5,233,-5.5
487,2017-12-21,-4.8,91,1.1,266,-6
488,2017-12-21,-5.3,90,1.1,311,-6.6
489,2017-12-21,-5.6,89,0.9,371,-7.1
490,2017-12-21,-5.3,88,0.4,463,-6.9
491,2017-12-21,-3,71,0.7,608,-7.5
492,2017-12-21,-0.7,62,0.7,519,-7
493,2017-12-21,1.9,40,2,1835,-10.3
494,2017-12-21,3.2,42,1.8,1349,-8.5
495,2017-12-21,4.3,47,2.3,953,-6
496,2017-12-21,4.4,46,1.4,1113,-6.2
497,2017-12-21,4.1,51,1.8,1112,-5.1
498,2017-12-21,2.9,60,1.3,1193,-4.1
499,2017-12-21,1.7,64,1.3,1140,-4.3
500,2017-12-21,NA,71,0.9,923,-3.8
501,2017-12-21,NA,72,0.7,990,-4.2
502,2017-12-21,-0.4,74,0.6,1065,-4.4
503,2017-12-21,-1.1,78,0.6,865,-4.4
504,2017-12-21,-1.5,79,0.6,821,-4.6
505,2017-12-22,-1.7,79,0.5,794,-4.8
506,2017-12-22,-1.6,79,0.6,784,-4.7
507,2017-12-22,-1.1,79,0.7,736,-4.2
508,2017-12-22,-0.6,76,0.5,789,-4.3
509,2017-12-22,-0.3,76,0.9,760,-4
510,2017-12-22,-0.2,73,0.8,880,-4.4
511,2017-12-22,-0.1,71,0.8,895,-4.7
512,2017-12-22,-0.3,72,0.7,919,-4.7
513,2017-12-22,-0.4,69,0.5,904,-5.4
514,2017-12-22,0.3,67,0.7,897,-5.1
515,2017-12-22,1.4,64,1,897,-4.6
516,2017-12-22,3.1,57,0.8,804,-4.6
517,2017-12-22,4.5,56,0.8,836,-3.5
518,2017-12-22,5.4,55,1.2,820,-2.9
519,2017-12-22,5.9,55,0.6,779,-2.4
520,2017-12-22,6.5,55,0.9,801,-1.9
521,2017-12-22,6,58,0.7,732,-1.6
522,2017-12-22,5.4,61,1.3,691,-1.5
523,2017-12-22,4.9,63,0.6,677,-1.5
524,2017-12-22,5.2,64,0.7,691,-1
525,2017-12-22,5.9,67,1.3,779,0.2
526,2017-12-22,NA,70,2.2,763,1
527,2017-12-22,6.1,70,2.7,806,1
528,2017-12-22,5.8,74,2.5,832,1.5
529,2017-12-23,5.8,75,1.9,788,1.7
530,2017-12-23,5.7,75,1.7,706,1.6
531,2017-12-23,5.6,76,1.6,641,1.6
532,2017-12-23,NA,77,1.6,583,1.6
533,2017-12-23,5.3,79,NA,506,1.9
534,2017-12-23,5,81,1.2,425,2
535,2017-12-23,5.1,81,1.3,375,2.1
536,2017-12-23,NA,82,0.7,334,2.2
537,2017-12-23,5.1,83,0.9,297,2.4
538,2017-12-23,5.2,84,0.7,226,2.7
539,2017-12-23,5.4,82,1.2,215,2.5
540,2017-12-23,5.7,81,1.1,192,2.6
541,2017-12-23,7,72,1.9,246,2.2
542,2017-12-23,7.7,68,1,249,2.1
543,2017-12-23,8.6,63,1.6,263,1.9
544,2017-12-23,8.6,64,1.5,269,2.1
545,2017-12-23,8.2,64,1,281,1.7
546,2017-12-23,7.7,67,0.9,264,1.9
547,2017-12-23,6.6,73,0.4,229,2
548,2017-12-23,6,76,1.1,219,2
549,2017-12-23,5.9,75,1.5,222,1.7
550,2017-12-23,5.6,77,0.9,212,1.8
551,2017-12-23,5.3,79,0.6,200,1.9
552,2017-12-23,5.5,80,0.6,185,2.3
553,2017-12-24,5.6,78,0.6,196,2
554,2017-12-24,5.6,78,0.5,197,2
555,2017-12-24,5.4,80,0.9,190,2.2
556,2017-12-24,5.2,82,0.8,190,2.3
557,2017-12-24,5.2,82,0.7,189,2.3
558,2017-12-24,5.1,82,0.6,185,2.2
559,2017-12-24,4.9,84,1.3,159,2.4
560,2017-12-24,4.7,89,1.1,100,3
561,2017-12-24,4.6,91,1.7,95,3.2
562,2017-12-24,4.6,94,0.9,90,3.7
563,2017-12-24,4.8,96,0.6,87,4.2
564,2017-12-24,4.6,95,0.8,156,3.8
565,2017-12-24,4.1,91,0.8,404,2.7
566,2017-12-24,3.7,90,0.7,744,2.2
567,2017-12-24,3.3,90,2.5,561,1.8
568,2017-12-24,2.9,90,2,380,1.4
569,2017-12-24,2.3,91,3.3,270,0.9
570,2017-12-24,2.2,86,NA,605,0
571,2017-12-24,1.9,82,4.3,699,-0.8
572,2017-12-24,1.1,68,4.4,695,-4.1
573,2017-12-24,0.6,67,3.3,506,-4.8
574,2017-12-24,0.4,69,3.5,477,-4.6
575,2017-12-24,0.2,69,2.7,565,-4.8
576,2017-12-24,0,63,3.2,884,-6.2
577,2017-12-25,-0.6,64,2.4,1010,-6.5
578,2017-12-25,-1.2,57,4.3,1429,-8.6
579,2017-12-25,-1.8,53,4.1,1825,-10.1
580,2017-12-25,-2.3,52,3.4,1947,-10.8
581,2017-12-25,-3,51,3.2,2000,-11.7
582,2017-12-25,-3.7,51,2.6,2000,-12.3
583,2017-12-25,-4.1,50,3,2000,-13
584,2017-12-25,-4.6,46,2.8,2000,-14.4
585,2017-12-25,-4.9,44,3,2000,-15.3
586,2017-12-25,-4.6,40,3.5,2000,-16.1
587,2017-12-25,-3.7,35,3.7,1937,-16.9
588,2017-12-25,-2.8,35,2.9,1984,-16.1
589,2017-12-25,-1.6,33,2.5,1874,-15.8
590,2017-12-25,-1.5,33,3.8,2000,-15.7
591,2017-12-25,-0.4,31,2,2000,-15.5
592,2017-12-25,0.4,28,2.5,2000,-16
593,2017-12-25,0.4,27,2,2000,-16.4
594,2017-12-25,-0.7,29,2,2000,-16.5
595,2017-12-25,-1.6,33,2,2000,-15.8
596,2017-12-25,-1.8,41,2.1,2000,-13.3
597,2017-12-25,-2.1,49,1.7,2000,-11.4
598,2017-12-25,-1.7,51,1.7,2000,-10.5
599,2017-12-25,-1.3,53,1.7,2000,-9.6
600,2017-12-25,-1,55,1.9,2000,-8.9
601,2017-12-26,-1.4,58,1,1880,-8.6
602,2017-12-26,-1.5,62,1.3,2000,-7.8
603,2017-12-26,-2.1,69,1,1995,-7
604,2017-12-26,-2.6,70,1,1992,-7.3
605,2017-12-26,-2.6,72,1.4,1929,-6.9
606,2017-12-26,-2.9,77,0.8,1833,-6.3
607,2017-12-26,-2.8,73,0.7,1906,-6.9
608,2017-12-26,-2.9,73,1.9,1911,-7
609,2017-12-26,-2.7,68,2.2,1919,-7.7
610,2017-12-26,-2.8,52,2.9,1895,-11.3
611,2017-12-26,-2.2,36,4.1,1930,-15.2
612,2017-12-26,-2.1,28,4.9,1887,-18.2
613,2017-12-26,-1.3,23,4,2000,-19.8
614,2017-12-26,-2,15,4.7,1970,-25.2
615,2017-12-26,-1.6,20,4.3,2000,-21.6
616,2017-12-26,-1.9,17,5,2000,-23.7
617,2017-12-26,-1.9,17,3.3,2000,-23.7
618,2017-12-26,-3.6,20,3.7,2000,-23.3
619,2017-12-26,-4.7,23,3.4,2000,-22.7
620,2017-12-26,-5.4,27,3,2000,-21.5
621,2017-12-26,-6.1,32,4.7,2000,-20.1
622,2017-12-26,-6.6,39,3.2,2000,-18.2
623,2017-12-26,-7.2,38,3.1,2000,-19.1
624,2017-12-26,-7.5,37,3.1,2000,-19.7
625,2017-12-27,-7.9,37,2.2,2000,-20
626,2017-12-27,-8.2,39,1.8,2000,-19.7
627,2017-12-27,-8.6,37,1.5,2000,-20.7
628,2017-12-27,-9.1,37,1,2000,-21.1
629,2017-12-27,-9.1,33,2.3,2000,-22.4
630,2017-12-27,-9.4,36,1.9,2000,-21.7
631,2017-12-27,-9.8,37,1.7,2000,-21.7
632,2017-12-27,-10.1,38,2.3,2000,-21.7
633,2017-12-27,-10.2,35,1.8,2000,-22.7
634,2017-12-27,-9.8,33,2,1997,-23
635,2017-12-27,-8.5,29,2.4,1992,-23.4
636,2017-12-27,-6.8,28,2.1,1986,-22.3
637,2017-12-27,-5.5,21,2.1,1941,-24.4
638,2017-12-27,-4.7,18,3.7,2000,-25.4
639,2017-12-27,-4,18,2.4,2000,-24.8
640,2017-12-27,-3.1,16,2.2,2000,-25.4
641,2017-12-27,-3.2,23,2.7,2000,-21.4
642,2017-12-27,-4.2,26,2.2,2000,-20.8
643,2017-12-27,-5.2,32,2.2,2000,-19.3
644,2017-12-27,-5.5,31,2.1,2000,-19.9
645,2017-12-27,-5.9,34,0.9,2000,-19.2
646,2017-12-27,-6.4,34,1.2,2000,-19.7
647,2017-12-27,-6.4,36,1.3,2000,-19
648,2017-12-27,-6.3,39,0.9,2000,-18
649,2017-12-28,-6.5,41,1.7,2000,-17.6
650,2017-12-28,-6.6,39,1.4,2000,-18.2
651,2017-12-28,-6.6,34,1.8,2000,-19.8
652,2017-12-28,-6,32,2.5,2000,-20
653,2017-12-28,-5.8,32,1.6,2000,-19.8
654,2017-12-28,-5.7,28,1.2,2000,-21.3
655,2017-12-28,-5.5,24,0.5,2000,-22.9
656,2017-12-28,-5,31,0.5,2000,-19.5
657,2017-12-28,-4.7,30,0.6,2000,-19.6
658,2017-12-28,-4.3,38,0.7,1877,-16.5
659,2017-12-28,-3.4,33,1.3,1863,-17.4
660,2017-12-28,-2.1,34,1,1868,-15.8
661,2017-12-28,-0.8,38,1,1686,-13.3
662,2017-12-28,0.8,46,1.4,1598,-9.5
663,2017-12-28,0.8,55,1.8,1132,-7.2
664,2017-12-28,NA,57,2.4,1179,-7.1
665,2017-12-28,0.3,57,2.3,1204,-7.2
666,2017-12-28,0.2,58,2,1159,-7.1
667,2017-12-28,-0.6,62,1.6,1129,-6.9
668,2017-12-28,-0.4,62,0.9,1103,-6.8
669,2017-12-28,-0.3,62,1.3,1040,-6.7
670,2017-12-28,-0.2,62,0.6,986,-6.6
671,2017-12-28,0,63,1.3,968,-6.2
672,2017-12-28,0.1,63,1.1,1003,-6.1
673,2017-12-29,0.2,63,0.7,925,-6
674,2017-12-29,0.3,63,0.7,760,-5.9
675,2017-12-29,0.5,63,1,691,-5.7
676,2017-12-29,0.6,NA,0.4,731,-5.4
677,2017-12-29,0.6,65,0.4,712,-5.2
678,2017-12-29,0.7,66,0.7,687,-4.9
679,2017-12-29,0.8,68,0.6,673,-4.4
680,2017-12-29,0.9,67,0.6,658,-4.5
681,2017-12-29,1,68,0.6,624,-4.2
682,2017-12-29,1.2,67,0.2,591,-4.2
683,2017-12-29,1.9,65,0.3,562,-3.9
684,2017-12-29,3.1,62,1.1,517,-3.4
685,2017-12-29,4.3,62,1.6,472,-2.3
686,2017-12-29,5.2,58,2.5,435,-2.4
687,2017-12-29,5.7,54,3.5,418,-2.9
688,2017-12-29,5.7,53,2.7,408,-3.1
689,2017-12-29,5.4,56,2.2,396,-2.6
690,2017-12-29,4.5,59,1.6,384,-2.8
691,2017-12-29,3.6,62,1.4,389,-3
692,2017-12-29,2.7,68,1.2,348,-2.6
693,2017-12-29,1.7,73,0.5,332,-2.6
694,2017-12-29,1,77,1.5,297,-2.5
695,2017-12-29,0.8,77,1.4,293,-2.7
696,2017-12-29,0.3,80,0.8,264,-2.7
697,2017-12-30,-0.4,83,1.2,247,-2.9
698,2017-12-30,-0.5,83,0.7,244,-3
699,2017-12-30,-0.9,84,0.6,230,-3.2
700,2017-12-30,-1.1,83,0.8,237,-3.6
701,2017-12-30,-1.1,83,0.7,242,-3.6
702,2017-12-30,-1.2,81,0.8,258,-4
703,2017-12-30,-1.1,81,1,253,-3.9
704,2017-12-30,-0.7,79,0.7,259,-3.8
705,2017-12-30,-0.4,78,0.5,249,-3.7
706,2017-12-30,0.2,76,1.3,249,-3.5
707,2017-12-30,0.8,73,0.5,248,-3.4
708,2017-12-30,2,69,1,257,-3.1
709,2017-12-30,3.2,64,0.8,258,-2.9
710,2017-12-30,4,62,1,256,-2.6
711,2017-12-30,4.3,60,1.2,272,-2.7
712,2017-12-30,4.3,61,0.7,274,-2.5
713,2017-12-30,4.1,63,0.7,263,-2.3
714,2017-12-30,3.8,64,0.9,250,-2.3
715,2017-12-30,3,84,1.7,137,0.5
716,2017-12-30,2.3,89,0.6,96,0.6
717,2017-12-30,1.9,NA,0.9,88,0.4
718,2017-12-30,1.8,92,1.1,109,0.6
719,2017-12-30,NA,92,1.2,94,0.6
720,2017-12-30,1.4,92,1.9,73,0.2
721,2017-12-31,0.9,95,1.8,63,0.1
722,2017-12-31,0.5,95,2.1,79,-0.2
723,2017-12-31,0.4,95,1.7,110,-0.3
724,2017-12-31,0.3,91,NA,172,-1
725,2017-12-31,-0.2,87,3.5,246,-2.1
726,2017-12-31,-0.8,85,2.8,329,-3
727,2017-12-31,-1.3,84,2.4,425,-3.6
728,2017-12-31,-1.8,86,1.7,367,-3.8
729,2017-12-31,-2.1,86,1.4,354,-4.1
730,2017-12-31,-1.9,82,1.6,410,-4.5
731,2017-12-31,-0.5,NA,1.7,609,-4.7
732,2017-12-31,0.8,62,2.8,801,-5.6
733,2017-12-31,NA,47,4.5,1388,-8.7
734,2017-12-31,2.5,36,3.7,1578,-11
735,2017-12-31,3,28,3.8,1956,-13.7
736,2017-12-31,3.1,25,3.9,2000,-15
737,2017-12-31,2.7,26,2.7,2000,-14.9
738,2017-12-31,1.7,30,2.9,2000,-14
739,2017-12-31,0.7,31,2.3,2000,-14.5
740,2017-12-31,0,31,2.2,2000,-15.1
741,2017-12-31,-1,32,0.9,2000,-15.6
742,2017-12-31,-1.6,35,1,2000,-15.1
743,2017-12-31,-2.1,36,1.7,2000,-15.2
744,2017-12-31,-2.6,40,0.6,2000,-14.3
745,2018-01-01,-3.2,40,0.5,1358,-14.9
746,2018-01-01,-3.3,41,0.7,2000,-14.7
747,2018-01-01,-3.7,42,0.9,2000,-14.7
748,2018-01-01,-4,44,1,2000,-14.4
749,2018-01-01,-4.2,53,1.1,1994,-12.3
750,2018-01-01,-4.4,54,0.8,1786,-12.3
751,2018-01-01,-4.5,51,1.1,2000,-13.1
752,2018-01-01,-4.7,56,1.1,2000,-12.1
753,2018-01-01,-5,55,1,2000,-12.6
754,2018-01-01,-4.3,39,0.7,1973,-16.2
755,2018-01-01,-1.6,32,0.8,1766,-16.1
756,2018-01-01,0.1,27,2.2,1874,-16.7
757,2018-01-01,1.5,20,2.8,1992,-19
758,2018-01-01,2.4,22,2.3,1921,-17.2
759,2018-01-01,3.7,24,2.1,1906,-15
760,2018-01-01,3,27,2.9,1715,-14.2
761,2018-01-01,3,28,2.5,1864,-13.7
762,2018-01-01,1.8,33,3.3,1913,-12.8
763,2018-01-01,0.8,34,1.9,1887,-13.3
764,2018-01-01,-0.1,39,1.3,1911,-12.4
765,2018-01-01,-0.3,40,1.2,1936,-12.2
766,2018-01-01,-0.9,44,1.2,1871,-11.6
767,2018-01-01,-1.3,48,0.8,1927,-10.9
768,2018-01-01,-1.6,51,0.7,1882,-10.4
769,2018-01-02,-1.8,54,1.1,1772,-9.8
770,2018-01-02,-2.1,56,0.8,1732,-9.7
771,2018-01-02,-2.3,62,0.9,1560,NA
772,2018-01-02,-2.5,62,0.4,1626,-8.7
773,2018-01-02,-2.7,67,0.5,1302,-7.9
774,2018-01-02,-3.1,67,0.6,1384,-8.3
775,2018-01-02,-3.2,67,0.4,1409,-8.4
776,2018-01-02,-3.2,69,0.5,1249,-8
777,2018-01-02,-3.4,71,0.8,1179,-7.9
778,2018-01-02,-3.1,66,0.2,1168,-8.5
779,2018-01-02,-1.4,50,1.9,1355,-10.5
780,2018-01-02,-0.4,40,2.3,1633,-12.3
781,2018-01-02,0.9,29,1.9,1761,-15.1
782,2018-01-02,1.5,23,3.6,1970,-17.4
783,2018-01-02,1.7,20,4.4,1995,-18.9
784,2018-01-02,1.5,22,3,1998,-17.9
785,2018-01-02,NA,23,2.9,2000,-17.6
786,2018-01-02,0.3,27,2.6,2000,-16.5
787,2018-01-02,-0.8,24,2.3,2000,-18.9
788,2018-01-02,-1.3,28,2.4,2000,-17.5
789,2018-01-02,-1.9,26,2.2,2000,-18.9
790,2018-01-02,-2.6,28,2,2000,-18.6
791,2018-01-02,-3.4,33,2.4,2000,-17.4
792,2018-01-02,-3.8,35,2.3,2000,-17
793,2018-01-03,-4.3,38,1.4,2000,-16.5
794,2018-01-03,-5,42,1.2,1993,-15.9
795,2018-01-03,-5.5,43,2,2000,-16.1
796,2018-01-03,-6.1,45,1.3,1999,-16.1
797,2018-01-03,-6.1,NA,2.3,2000,-16.1
798,2018-01-03,-6.4,47,2.4,1981,-15.8
799,2018-01-03,-6.7,48,2.4,1991,-15.9
800,2018-01-03,-6.9,48,2.4,1974,-16
801,2018-01-03,-7,49,1.5,1971,-15.9
802,2018-01-03,-6.8,44,1.7,1858,-17
803,2018-01-03,-5.6,38,2.9,1752,-17.6
804,2018-01-03,-4.5,36,3.2,1736,-17.3
805,2018-01-03,-3.4,32,3.1,1706,-17.7
806,2018-01-03,-2.2,31,2.3,1910,-17
807,2018-01-03,-1.5,30,2.8,1903,-16.8
808,2018-01-03,-1.1,29,2.8,1976,-16.9
809,2018-01-03,-0.4,30,2,2000,-15.9
810,2018-01-03,-1.9,35,1.8,2000,-15.3
811,2018-01-03,-3.1,39,2.1,2000,-15.1
812,2018-01-03,-3.7,41,2,2000,-15
813,2018-01-03,-3.9,44,2.5,2000,-14.3
814,2018-01-03,-4.3,47,2.8,1997,-13.9
815,2018-01-03,-5.2,53,1.3,1969,-13.3
816,2018-01-03,-5.9,54,0.8,1968,-13.7
817,2018-01-04,-6.3,54,1.4,1990,-14.1
818,2018-01-04,NA,56,2.3,1994,-14.2
819,2018-01-04,-7.3,57,2,1978,-14.3
820,2018-01-04,-7.4,54,1.7,1968,-15.1
821,2018-01-04,-7.5,55,1.3,1984,-15
822,2018-01-04,-7.6,49,1.3,2000,NA
823,2018-01-04,-7.6,47,2.3,2000,-16.9
824,2018-01-04,-8.1,51,0.5,1987,-16.4
825,2018-01-04,-8.6,55,0.6,1984,-16
826,2018-01-04,-7.9,48,1.2,1926,-17
827,2018-01-04,-6.4,43,1,1872,-16.9
828,2018-01-04,-4.4,40,0.8,1671,-16
829,2018-01-04,-2.9,33,0.9,1813,-16.9
830,2018-01-04,-2,32,1,1864,-16.5
831,2018-01-04,-0.8,32,1.4,1846,-15.4
832,2018-01-04,-1.2,31,0.8,1732,-16.2
833,2018-01-04,-1.4,34,1.8,1719,-15.2
834,2018-01-04,-2.1,37,1.4,1591,-14.8
835,2018-01-04,-2.6,38,1.4,1604,-14.9
836,2018-01-04,-2.7,39,1.4,1616,-14.7
837,2018-01-04,-2.8,39,1.7,1702,-14.8
838,2018-01-04,-3.1,41,2,1742,-14.5
839,2018-01-04,-3.6,46,1.3,1689,-13.5
840,2018-01-04,-4,48,1.5,1536,-13.4
841,2018-01-05,-4.7,52,1.8,1611,-13
842,2018-01-05,-5.1,51,1.5,1550,-13.6
843,2018-01-05,-5.3,52,1.6,1481,-13.6
844,2018-01-05,-5.5,56,1.1,1453,-12.9
845,2018-01-05,-5.1,55,1.7,1266,-12.7
846,2018-01-05,-5.1,55,1.5,1452,-12.7
847,2018-01-05,-5.1,54,1.3,1346,-12.9
848,2018-01-05,-5.3,53,1.1,1300,-13.4
849,2018-01-05,-5.3,51,1,1319,-13.8
850,2018-01-05,-4.7,49,1.2,1550,-13.8
851,2018-01-05,-3.3,50,1.3,1407,-12.2
852,2018-01-05,-0.7,45,1.5,1429,-11.1
853,2018-01-05,-0.3,45,2.2,1066,-10.8
854,2018-01-05,0.9,43,2,1112,-10.2
855,2018-01-05,1.4,41,2,1003,-10.4
856,2018-01-05,1.5,34,2.8,1776,-12.6
857,2018-01-05,1,34,2.9,2000,-13.1
858,2018-01-05,NA,45,3.3,1827,-11
859,2018-01-05,-1.8,44,2.2,1709,-12.4
860,2018-01-05,-2.5,49,0.6,1436,-11.7
861,2018-01-05,-3.4,51,1.1,1391,-12.1
862,2018-01-05,-3.5,53,0.9,1353,-11.7
863,2018-01-05,-3.8,53,1.3,1300,-12
864,2018-01-05,-3.6,50,1.9,1284,-12.5
865,2018-01-06,-4.3,52,1.6,1247,-12.7
866,2018-01-06,-4.8,54,1.2,1219,-12.7
867,2018-01-06,NA,56,1.4,1285,-12.9
868,2018-01-06,-5.6,56,1,1367,-13
869,2018-01-06,-5.9,61,1.1,1260,-12.2
870,2018-01-06,-6.1,64,1,1231,-11.8
871,2018-01-06,-6.5,67,0.7,1175,-11.6
872,2018-01-06,-6.6,65,1,1320,-12
873,2018-01-06,-6.5,62,1.1,1503,-12.5
874,2018-01-06,-5.8,49,1.4,1728,-14.8
875,2018-01-06,-3.5,39,2,1946,-15.4
876,2018-01-06,-1.6,35,2.1,1812,-15.1
877,2018-01-06,0,35,2.3,1672,-13.6
878,2018-01-06,NA,28,2.4,1895,-15.6
879,2018-01-06,1.8,29,2,1693,-14.3
880,2018-01-06,2.3,27,2.2,1877,-14.8
881,2018-01-06,2.7,27,2.2,1811,-14.4
882,2018-01-06,1.1,31,1.7,1989,-14.1
883,2018-01-06,-0.6,37,1.6,1797,-13.5
884,2018-01-06,-1.2,37,1.2,1663,-14
885,2018-01-06,-2.1,41,1.1,1578,-13.6
886,2018-01-06,-2.5,47,0.8,1495,-12.2
887,2018-01-06,-2.6,47,1.6,1492,-12.3
888,2018-01-06,-3.2,50,0.8,1429,-12.1
889,2018-01-07,-3.8,48,0.7,1574,-13.2
890,2018-01-07,-3.9,51,0.2,1535,-12.5
891,2018-01-07,-4.4,53,0.3,1594,-12.5
892,2018-01-07,-4.8,56,0.6,1505,-12.2
893,2018-01-07,-5.1,60,0.7,1377,-11.6
894,2018-01-07,-5.6,58,0.7,1350,-12.5
895,2018-01-07,-5.5,52,0.7,1503,-13.8
896,2018-01-07,-5.6,58,0.9,1368,-12.5
897,2018-01-07,-5.3,53,1.1,1411,-13.4
898,2018-01-07,-3.8,49,1.6,1371,-12.9
899,2018-01-07,-1.8,40,1.8,1555,-13.6
900,2018-01-07,0.5,35,1.4,1558,-13.2
901,2018-01-07,1.1,34,0.9,1455,-13
902,2018-01-07,1.4,34,0.8,1394,-12.7
903,2018-01-07,1.9,32,0.7,1368,-13
904,2018-01-07,2.7,31,0.9,1603,-12.7
905,2018-01-07,2.6,32,1,1381,-12.4
906,2018-01-07,2.3,33,0.2,1515,-12.3
907,2018-01-07,1.8,34,1.2,1518,-12.4
908,2018-01-07,1.6,35,1,1419,-12.2
909,2018-01-07,1.3,38,0.4,1386,-11.4
910,2018-01-07,1.2,39,0.6,1378,-11.2
911,2018-01-07,1.1,40,0.5,1305,-11
912,2018-01-07,1.1,39,0.6,1422,-11.3
913,2018-01-08,0.9,42,1.1,1271,-10.5
914,2018-01-08,0.9,42,0.2,1333,-10.5
915,2018-01-08,0.8,42,0.5,1275,-10.6
916,2018-01-08,0.9,43,0.4,1261,-10.2
917,2018-01-08,1,43,0.8,1253,-10.2
918,2018-01-08,0.8,42,1,1394,-10.6
919,2018-01-08,0.8,45,0.7,1268,-9.8
920,2018-01-08,0.7,44,0.8,1357,-10.1
921,2018-01-08,0.7,45,0.7,1339,-9.9
922,2018-01-08,0.8,47,0.9,1070,-9.2
923,2018-01-08,1.3,43,0.8,971,-9.9
924,2018-01-08,1.7,37,0.6,1062,-11.4
925,2018-01-08,2.7,33,2.7,1281,-12
926,2018-01-08,3,32,1.6,1518,-12.1
927,2018-01-08,3.4,31,1.4,1267,-12.1
928,2018-01-08,3.9,33,1.8,1293,-10.9
929,2018-01-08,3.5,36,1.7,1702,-10.2
930,2018-01-08,2.7,50,2.8,1957,-6.7
931,2018-01-08,1.5,70,2.5,638,-3.3
932,2018-01-08,0.9,88,1.6,290,-0.8
933,2018-01-08,1,89,1.9,407,-0.6
934,2018-01-08,0.7,NA,6.7,692,-2.8
935,2018-01-08,0.1,68,4.6,740,-5.1
936,2018-01-08,-0.6,62,4.2,936,-6.9
937,2018-01-09,-1.2,67,4.6,983,-6.5
938,2018-01-09,-1.9,69,5,791,-6.8
939,2018-01-09,-2.9,66,3.3,1515,-8.3
940,2018-01-09,-3.4,67,3.2,1420,-8.6
941,2018-01-09,-4.3,59,4.4,1451,-11.1
942,2018-01-09,-5.1,48,3.2,1821,-14.4
943,2018-01-09,-5.6,52,3.7,1785,-13.9
944,2018-01-09,-5.9,57,3.1,1686,-13
945,2018-01-09,-6,64,3.2,1384,-11.7
946,2018-01-09,-6,61,2.5,1547,-12.3
947,2018-01-09,-4.8,57,3,1559,-12
948,2018-01-09,-3.9,51,4.5,1746,-12.5
949,2018-01-09,-2.7,45,2.4,1707,-13
950,2018-01-09,-2.6,45,4,1663,-12.9
951,2018-01-09,-1.8,45,3.7,1922,-12.1
952,2018-01-09,-2.4,51,4.6,1458,-11.1
953,2018-01-09,-2.4,56,3.3,1541,-9.9
954,2018-01-09,-2.9,66,3.6,743,-8.3
955,2018-01-09,-3.8,58,1.7,1996,-10.8
956,2018-01-09,-4.5,57,0.6,2000,-11.7
957,2018-01-09,-4.9,59,0.6,1992,-11.6
958,2018-01-09,-4.8,59,0.9,2000,-11.6
959,2018-01-09,-4.2,67,1.6,503,-9.4
960,2018-01-09,-4.9,80,0.7,690,-7.8
961,2018-01-10,-5.2,82,0.8,152,-7.7
962,2018-01-10,-5.6,75,1.7,1982,-9.3
963,2018-01-10,-5.7,72,1.2,1925,-9.9
964,2018-01-10,-6.1,70,1.1,2000,-10.6
965,2018-01-10,-6.6,72,2.2,2000,-10.8
966,2018-01-10,-7.3,NA,1.6,2000,-10.9
967,2018-01-10,-7.7,74,1.1,2000,-11.5
968,2018-01-10,-8,70,1.8,2000,-12.5
969,2018-01-10,-7.9,67,2.6,1896,-12.9
970,2018-01-10,-7.7,62,3.6,1637,-13.7
971,2018-01-10,-6.9,53,3.2,1576,-14.8
972,2018-01-10,-6.4,49,4.5,1759,-15.3
973,2018-01-10,-5.6,44,4.5,1830,-15.9
974,2018-01-10,-5.1,43,4.7,1901,-15.7
975,2018-01-10,-5.3,37,5.3,2000,-17.7
976,2018-01-10,-5.3,33,4.8,2000,-19
977,2018-01-10,-5.4,30,3.9,2000,-20.2
978,2018-01-10,-6.5,34,4,2000,-19.8
979,2018-01-10,-7.8,32,4.5,2000,-21.6
980,2018-01-10,-8.5,35,2.9,2000,-21.2
981,2018-01-10,-8.9,41,2.3,2000,-19.7
982,2018-01-10,-9.4,47,2,2000,-18.6
983,2018-01-10,-9.7,51,2.8,2000,-17.9
984,2018-01-10,-10.2,53,3.3,1997,-17.9
985,2018-01-11,-10.3,54,2.4,1988,-17.8
986,2018-01-11,-10.6,55,2.9,1987,-17.9
987,2018-01-11,-10.9,57,2.7,1900,-17.7
988,2018-01-11,-11.2,59,2.9,1872,-17.6
989,2018-01-11,-11.5,57,2.3,1899,-18.3
990,2018-01-11,-11.9,61,1.8,1759,-17.9
991,2018-01-11,-12,61,2.3,1709,-18
992,2018-01-11,-12.3,59,2.3,1738,-18.6
993,2018-01-11,-12.6,61,1.6,1610,-18.5
994,2018-01-11,-12,53,2.6,1781,-19.6
995,2018-01-11,-11.1,46,3.7,1638,-20.4
996,2018-01-11,-10.2,41,3.5,1629,-20.9
997,2018-01-11,-8.6,40,2.6,1700,-19.8
998,2018-01-11,-8.6,41,3.4,1593,-19.5
999,2018-01-11,-7.4,38,3.3,1718,-19.3
1000,2018-01-11,-8.3,42,3.8,1745,-18.9
1001,2018-01-11,-8.2,39,2.8,1807,-19.7
1002,2018-01-11,-9.3,43,2.8,1900,-19.6
1003,2018-01-11,-10.4,43,2.3,1985,-20.6
1004,2018-01-11,-10.9,44,3,2000,-20.7
1005,2018-01-11,-11.6,49,1.8,1953,-20.1
1006,2018-01-11,-12.4,51,2.2,1992,-20.4
1007,2018-01-11,-12.9,52,2.8,2000,-20.7
1008,2018-01-11,-13.2,51,1.5,1972,-21.2
1009,2018-01-12,-13.6,49,1.6,2000,-22
1010,2018-01-12,-13.7,47,3,2000,-22.6
1011,2018-01-12,-13.8,43,2.6,2000,-23.7
1012,2018-01-12,-14.1,45,1.8,2000,-23.4
1013,2018-01-12,-14.3,45,2,2000,-23.6
1014,2018-01-12,-14.6,45,1.1,2000,-23.9
1015,2018-01-12,-14.9,45,2.3,2000,-24.2
1016,2018-01-12,-15.1,45,0.9,2000,-24.4
1017,2018-01-12,-15.1,44,1.2,2000,-24.6
1018,2018-01-12,-14.9,40,1.2,NA,-25.5
1019,2018-01-12,-13,37,2.2,1960,-24.6
1020,2018-01-12,-11.2,31,2.4,1944,-25
1021,2018-01-12,-9.6,27,2,1945,-25.1
1022,2018-01-12,-8.2,29,2,1920,-23.1
1023,2018-01-12,-7.2,28,2.3,1990,-22.6
1024,2018-01-12,-6.5,26,2.4,1987,-22.8
1025,2018-01-12,-5.8,21,1.1,2000,-24.6
1026,2018-01-12,-6.5,22,1.5,2000,-24.7
1027,2018-01-12,-7.5,28,2,2000,-22.9
1028,2018-01-12,-8.2,32,1.1,2000,-22
1029,2018-01-12,-7.9,31,1.4,2000,-22.1
1030,2018-01-12,-7.4,33,1.4,2000,-20.9
1031,2018-01-12,-6.9,39,1.6,2000,-18.5
1032,2018-01-12,-6.7,36,1.3,1821,-19.3
1033,2018-01-13,-6.6,39,1.6,1930,-18.2
1034,2018-01-13,-6.5,45,0.5,1964,-16.4
1035,2018-01-13,-6.4,40,0.9,2000,-17.8
1036,2018-01-13,-6.5,42,0.7,1996,-17.3
1037,2018-01-13,-6.4,46,0.8,1993,-16.1
1038,2018-01-13,-6.3,51,0.8,2000,-14.8
1039,2018-01-13,-6.4,59,0.6,887,-13.1
1040,2018-01-13,-6.5,68,0.6,571,-11.4
1041,2018-01-13,-6.5,72,0.8,670,-10.7
1042,2018-01-13,-6.3,76,0.6,330,-9.8
1043,2018-01-13,-5.5,72,0.7,1354,-9.7
1044,2018-01-13,-4.8,70,1,1244,-9.4
1045,2018-01-13,-3.7,66,1.1,1140,-9.1
1046,2018-01-13,-2.5,62,1.4,1087,-8.7
1047,2018-01-13,-1.8,62,0.7,936,-8.1
1048,2018-01-13,-1.5,62,0.9,957,-7.8
1049,2018-01-13,-1.2,63,0.9,876,-7.3
1050,2018-01-13,-1.4,68,1,761,-6.5
1051,2018-01-13,-2.6,73,1,684,-6.7
1052,2018-01-13,-3.3,76,0.8,633,-6.9
1053,2018-01-13,-3.9,78,1.1,596,-7.1
1054,2018-01-13,-4.1,79,0.7,522,-7.2
1055,2018-01-13,-4.3,81,0.4,435,-7
1056,2018-01-13,-4.4,81,0.7,420,-7.1
1057,2018-01-14,-4.4,81,0.7,414,NA
1058,2018-01-14,-3.7,79,0.9,438,-6.8
1059,2018-01-14,-3.5,78,1,444,-6.7
1060,2018-01-14,-3.6,78,1.6,471,-6.8
1061,2018-01-14,-4,79,1.2,453,-7.1
1062,2018-01-14,-4.2,79,1.2,442,-7.3
1063,2018-01-14,-4.3,79,1.1,433,-7.4
1064,2018-01-14,-4.4,80,1.4,411,-7.3
1065,2018-01-14,-3.8,79,0.8,412,-6.9
1066,2018-01-14,-3.4,77,1.6,432,-6.8
1067,2018-01-14,-2.1,72,1.7,489,-6.4
1068,2018-01-14,-0.5,64,0.7,537,-6.4
1069,2018-01-14,NA,58,0.8,550,-6.1
1070,2018-01-14,3,52,1.4,568,-5.9
1071,2018-01-14,3.7,53,0.6,592,-5
1072,2018-01-14,4.6,50,0.9,824,-4.9
1073,2018-01-14,5.3,49,1.8,982,-4.5
1074,2018-01-14,4.5,51,1.1,1244,-4.7
1075,2018-01-14,4.1,53,1.3,1132,-4.6
1076,2018-01-14,3.9,54,1.1,1102,-4.5
1077,2018-01-14,3.5,55,1,1100,-4.7
1078,2018-01-14,3.1,58,0.4,936,-4.3
1079,2018-01-14,2.8,60,0.6,829,-4.2
1080,2018-01-14,2.7,60,0.6,794,-4.3
1081,2018-01-15,3,60,0.5,842,-4
1082,2018-01-15,3,62,0.9,835,-3.5
1083,2018-01-15,3.6,65,0.9,959,-2.3
1084,2018-01-15,4.4,70,1.7,928,-0.6
1085,2018-01-15,4.9,73,1.8,881,0.4
1086,2018-01-15,5,76,1.9,808,1.1
1087,2018-01-15,4.9,83,3,582,2.2
1088,2018-01-15,4.4,87,1,357,2.4
1089,2018-01-15,4.1,85,1.1,470,NA
1090,2018-01-15,3.9,86,1.7,399,1.7
1091,2018-01-15,4.2,82,2.2,560,1.3
1092,2018-01-15,4.7,75,2.3,533,0.6
1093,2018-01-15,6.2,64,1.9,549,-0.1
1094,2018-01-15,6.1,61,2.3,534,-0.8
1095,2018-01-15,7.1,52,2.1,646,-2.1
1096,2018-01-15,7.4,38,1.7,817,-6
1097,2018-01-15,7.5,37,0.9,813,-6.2
1098,2018-01-15,6.5,40,0.8,804,-6.1
1099,2018-01-15,5.2,44,1.3,647,-6
1100,2018-01-15,4.4,53,1.2,538,-4.3
1101,2018-01-15,NA,58,1.3,474,-3.8
1102,2018-01-15,3.4,59,0.8,471,-3.8
1103,2018-01-15,3,61,1.6,460,-3.8
1104,2018-01-15,2.4,63,0.6,443,-3.9
1105,2018-01-16,1.8,67,1.2,387,-3.6
1106,2018-01-16,1.2,64,0.7,455,-4.8
1107,2018-01-16,0.5,72,0.7,385,-3.9
1108,2018-01-16,0.3,70,0.6,438,-4.5
1109,2018-01-16,0.8,65,0.7,502,-5
1110,2018-01-16,1.1,64,0.5,505,-4.9
1111,2018-01-16,1.2,69,0.6,436,-3.8
1112,2018-01-16,1.1,69,0.6,418,-3.9
1113,2018-01-16,1.2,68,0.6,411,-4
1114,2018-01-16,1.9,65,0.8,402,-3.9
1115,2018-01-16,2.7,NA,0.5,392,-4.3
1116,2018-01-16,3.9,57,0.8,363,-3.8
1117,2018-01-16,5.2,52,1.2,349,-3.8
1118,2018-01-16,5.8,47,0.8,382,-4.6
1119,2018-01-16,6.5,43,0.8,468,-5.2
1120,2018-01-16,6.3,40,0.3,498,-6.3
1121,2018-01-16,5.8,50,0.9,547,-3.8
1122,2018-01-16,5.2,58,0.8,462,-2.4
1123,2018-01-16,4.9,59,1.4,427,-2.4
1124,2018-01-16,4.6,57,1,432,NA
1125,2018-01-16,4.5,58,0.8,383,-3
1126,2018-01-16,4.3,56,0.7,434,-3.7
1127,2018-01-16,4,57,0.3,430,-3.7
1128,2018-01-16,3.9,60,0.9,379,-3.1
1129,2018-01-17,NA,NA,0.4,382,-3.1
1130,2018-01-17,3.3,64,0.4,339,-2.8
1131,2018-01-17,3.1,65,0.8,310,-2.8
1132,2018-01-17,3,67,0.8,297,-2.5
1133,2018-01-17,3,68,0.5,322,-2.3
1134,2018-01-17,2.9,66,0.8,325,-2.8
1135,2018-01-17,2.7,71,1.1,270,-2
1136,2018-01-17,2.5,71,0.9,289,-2.2
1137,2018-01-17,2.6,70,0.6,296,-2.3
1138,2018-01-17,3,66,0.7,306,-2.7
1139,2018-01-17,4.3,58,0.5,401,-3.2
1140,2018-01-17,6,51,1,436,-3.3
1141,2018-01-17,8.1,51,1.4,367,-1.4
1142,2018-01-17,8,54,1.8,435,-0.7
1143,2018-01-17,7.7,54,2.6,313,-1
1144,2018-01-17,8.5,49,1.3,400,-1.6
1145,2018-01-17,8.3,54,1.2,330,-0.4
1146,2018-01-17,7.2,57,3.3,342,-0.7
1147,2018-01-17,5.2,62,2.9,503,-1.5
1148,2018-01-17,NA,68,2.4,446,-1.1
1149,2018-01-17,3.5,72,1.7,361,-1
1150,2018-01-17,3.1,74,1.1,333,-1
1151,2018-01-17,2.8,74,0.5,309,-1.3
1152,2018-01-17,2.7,74,0.8,291,-1.4
1153,2018-01-18,2.7,73,1,290,-1.6
1154,2018-01-18,3.2,72,1.9,306,-1.3
1155,2018-01-18,3.3,73,1.2,288,-1
1156,2018-01-18,3.6,74,1.7,273,-0.6
1157,2018-01-18,3.3,80,2.1,232,0.1
1158,2018-01-18,2.6,82,2,229,-0.1
1159,2018-01-18,2.2,82,2,211,-0.5
1160,2018-01-18,1.5,86,1.1,189,-0.5
1161,2018-01-18,1.1,86,1.2,197,-0.9
1162,2018-01-18,1.2,84,2.1,210,-1.2
1163,2018-01-18,1.4,81,2.1,255,-1.5
1164,2018-01-18,1.8,75,1.8,301,-2.1
1165,2018-01-18,2.5,72,2.4,256,-2
1166,2018-01-18,3.5,54,3.2,463,-4.9
1167,2018-01-18,4.4,42,2.3,719,-7.4
1168,2018-01-18,4.2,36,2.3,957,-9.5
1169,2018-01-18,3.6,42,2.4,883,-8.1
1170,2018-01-18,2.8,46,2.1,858,-7.6
1171,2018-01-18,2,39,2.1,1259,-10.5
1172,2018-01-18,1.5,NA,1,1210,-10.3
1173,2018-01-18,1.1,44,1.2,1171,-9.8
1174,2018-01-18,0.8,45,1.5,1184,-9.8
1175,2018-01-18,0.7,45,2,1084,-9.9
1176,2018-01-18,0.6,47,2.3,1046,-9.4
1177,2018-01-19,0.3,45,1.8,1154,NA
1178,2018-01-19,0,43,1.7,1250,-11.1
1179,2018-01-19,-0.3,44,1.7,1295,-11.1
1180,2018-01-19,-0.6,43,1.7,1316,-11.6
1181,2018-01-19,-0.7,45,1.4,1241,-11.1
1182,2018-01-19,-1.4,47,1.4,1301,-11.2
1183,2018-01-19,-1.8,49,1.4,1359,-11.1
1184,2018-01-19,-2,49,1.9,1281,-11.3
1185,2018-01-19,-2.5,50,1,1281,-11.5
1186,2018-01-19,-2.1,42,1.3,1519,-13.3
1187,2018-01-19,0,29,1.3,1592,-15.9
1188,2018-01-19,2.2,20,0.6,1794,-18.5
1189,2018-01-19,4.3,28,1.5,1858,-12.6
1190,2018-01-19,4.7,26,2.6,NA,-13.2
1191,2018-01-19,4.7,24,3.6,1552,-14.2
1192,2018-01-19,5.4,25,2.4,1686,-13.1
1193,2018-01-19,4.9,27,2.8,1648,-12.5
1194,2018-01-19,4.1,34,3.1,1810,-10.3
1195,2018-01-19,2.9,45,1.6,1629,-7.8
1196,2018-01-19,2,48,1.8,1519,-7.8
1197,2018-01-19,1.2,51,0.6,1544,-7.8
1198,2018-01-19,0.5,52,0.8,1595,-8.2
1199,2018-01-19,0,56,0.8,1544,-7.7
1200,2018-01-19,-0.5,59,0.9,1487,-7.5
1201,2018-01-20,-0.6,60,0.6,1433,-7.4
1202,2018-01-20,-0.9,64,0.4,1273,-6.8
1203,2018-01-20,-0.9,65,0.6,1369,-6.6
1204,2018-01-20,-0.9,65,0.2,1359,-6.6
1205,2018-01-20,-0.7,65,0.6,1226,-6.4
1206,2018-01-20,-0.3,62,0.6,862,-6.7
1207,2018-01-20,-0.1,60,0.4,1080,-6.9
1208,2018-01-20,0.2,60,0.3,1145,-6.6
1209,2018-01-20,0.3,63,0.4,1140,-5.9
1210,2018-01-20,0.9,63,0.9,1090,-5.3
1211,2018-01-20,2.1,60,1.2,1005,-4.8
1212,2018-01-20,3.7,59,1.8,978,-3.5
1213,2018-01-20,5.3,55,2.6,904,-3
1214,2018-01-20,6.3,55,3,792,-2
1215,2018-01-20,5.9,61,3.2,623,-1
1216,2018-01-20,6.3,55,3,355,-2
1217,2018-01-20,6.6,42,3,355,-5.4
1218,2018-01-20,NA,53,1.8,276,-3.1
1219,2018-01-20,4.6,55,3.2,232,-3.6
1220,2018-01-20,3.5,66,1.7,187,-2.2
1221,2018-01-20,2.9,66,1.2,173,-2.8
1222,2018-01-20,NA,48,2.8,346,-7.7
1223,2018-01-20,1.5,48,2.4,422,-8.3
1224,2018-01-20,0.8,53,1.7,382,-7.7
1225,2018-01-21,-0.3,60,1.9,340,-7.1
1226,2018-01-21,-0.8,58,0.4,400,-8
1227,2018-01-21,-1.5,63,1,380,-7.6
1228,2018-01-21,-2,60,0.5,474,-8.7
1229,2018-01-21,-2.3,47,0.7,984,-12.1
1230,2018-01-21,-2.6,49,1.1,1065,-11.8
1231,2018-01-21,-3.1,54,1.4,1037,-11.1
1232,2018-01-21,-3.2,54,1.2,1113,-11.2
1233,2018-01-21,-3.6,53,0.5,1227,-11.8
1234,2018-01-21,-3.2,46,0.8,1091,-13.2
1235,2018-01-21,-1.3,37,0.8,1070,-14.1
1236,2018-01-21,1.9,25,1,1493,-16.1
1237,2018-01-21,3.9,30,1.6,1085,-12.1
1238,2018-01-21,4.9,22,2,1446,-15
1239,2018-01-21,5.4,18,1.2,1923,-17
1240,2018-01-21,5.4,20,2.2,1890,-15.8
1241,2018-01-21,4.7,17,2.1,2000,-18.3
1242,2018-01-21,NA,20,1.3,2000,-17.1
1243,2018-01-21,2.5,24,2,2000,-16
1244,2018-01-21,1.3,25,1.3,2000,-16.6
1245,2018-01-21,0.3,27,0.4,2000,-16.5
1246,2018-01-21,-0.1,29,0.5,2000,-16
1247,2018-01-21,-0.3,32,0.7,2000,-15
1248,2018-01-21,-0.4,32,0.6,2000,-15.1
1249,2018-01-22,-0.2,30,0.4,2000,-15.7
1250,2018-01-22,-0.2,32,0.7,2000,-14.9
1251,2018-01-22,-0.2,33,1.4,2000,-14.5
1252,2018-01-22,-0.3,31,0.3,2000,-15.4
1253,2018-01-22,0,32,0.4,2000,-14.7
1254,2018-01-22,0,32,0.7,2000,-14.7
1255,2018-01-22,0,33,0.4,2000,-14.3
1256,2018-01-22,-0.4,34,1,1989,-14.3
1257,2018-01-22,-0.7,32,0.5,1991,-15.3
1258,2018-01-22,0.1,33,0.8,1901,-14.3
1259,2018-01-22,1.1,31,0.7,1898,-14.1
1260,2018-01-22,2.4,27,0.9,1796,-14.7
1261,2018-01-22,3.9,28,0.9,1383,-12.9
1262,2018-01-22,3.9,33,0.6,1249,-10.9
1263,2018-01-22,3.3,73,0.4,744,-1
1264,2018-01-22,3.6,69,1.8,655,-1.5
1265,2018-01-22,2,NA,1.9,140,0
1266,2018-01-22,1.3,93,1.2,81,0.2
1267,2018-01-22,1.1,96,3,187,0.5
1268,2018-01-22,-0.1,88,3.2,582,-1.8
1269,2018-01-22,-0.8,85,2.9,836,-3
1270,2018-01-22,-1.8,85,2.9,590,-3.9
1271,2018-01-22,-3.2,81,3.9,492,-6
1272,2018-01-22,-4.2,79,2.9,554,-7.3
1273,2018-01-23,-5.3,77,3.8,894,-8.7
1274,2018-01-23,-6,76,3.1,1178,-9.5
1275,2018-01-23,-7.5,65,3.9,2000,-12.9
1276,2018-01-23,-8.6,68,3.3,2000,-13.4
1277,2018-01-23,-9.5,49,4.3,2000,-18.2
1278,2018-01-23,-10.5,46,3,2000,-19.9
1279,2018-01-23,-11.5,47,3.2,2000,-20.5
1280,2018-01-23,-12.5,41,4.5,2000,-23
1281,2018-01-23,-13,41,4,2000,-23.5
1282,2018-01-23,-13.3,36,3.5,2000,-25.2
1283,2018-01-23,-12.1,34,3.5,1968,-24.8
1284,2018-01-23,-11.7,27,4,1935,-26.9
1285,2018-01-23,-11.3,27,3.7,1955,-26.6
1286,2018-01-23,-11,27,4,1959,-26.3
1287,2018-01-23,-10.4,30,4.3,2000,-24.6
1288,2018-01-23,-9.7,32,3.6,2000,-23.3
1289,2018-01-23,-10.1,34,4.3,2000,-23
1290,2018-01-23,-10.6,38,3.5,2000,-22.2
1291,2018-01-23,-11.5,43,2.4,2000,-21.6
1292,2018-01-23,-12,47,3.2,2000,-21
1293,2018-01-23,-12.5,52,3,2000,-20.3
1294,2018-01-23,-13.2,49,4.1,2000,-21.6
1295,2018-01-23,-13.9,45,4,2000,-23.2
1296,2018-01-23,-14.3,38,4,2000,-25.5
1297,2018-01-24,-14.6,34,3.9,2000,-27
1298,2018-01-24,-15,31,2.5,2000,-28.3
1299,2018-01-24,-15.2,32,3.1,2000,-28.2
1300,2018-01-24,-15.2,30,3.4,2000,-28.9
1301,2018-01-24,NA,30,2.5,2000,-29.1
1302,2018-01-24,-15.6,29,3.7,2000,-29.6
1303,2018-01-24,-15.7,29,2.5,2000,-29.7
1304,2018-01-24,-15.9,30,3,2000,-29.5
1305,2018-01-24,-16.2,30,1.6,2000,-29.8
1306,2018-01-24,-15.8,27,3.4,2000,-30.5
1307,2018-01-24,-14.5,24,4.6,1902,-30.6
1308,2018-01-24,-13.1,25,3.8,1964,-29
1309,2018-01-24,-12.2,26,4,2000,-27.8
1310,2018-01-24,-12,25,6,1887,-28
1311,2018-01-24,-11.1,26,3.8,1980,-26.8
1312,2018-01-24,-10.8,29,3.8,2000,-25.4
1313,2018-01-24,-11.2,30,4.7,2000,-25.3
1314,2018-01-24,-11.8,26,3.5,2000,-27.4
1315,2018-01-24,-13,29,3.4,2000,-27.3
1316,2018-01-24,-13.8,32,2.2,2000,-26.9
1317,2018-01-24,-14.3,37,1.3,2000,-25.8
1318,2018-01-24,-14.7,40,3.2,1933,-25.3
1319,2018-01-24,-15.2,45,4,2000,-24.4
1320,2018-01-24,-15.7,43,3.6,2000,-25.4
1321,2018-01-25,-15.9,43,3.8,2000,-25.6
1322,2018-01-25,-16.1,42,2.2,2000,-26
1323,2018-01-25,-16,42,1.3,2000,-25.9
1324,2018-01-25,-16,40,1.9,2000,-26.5
1325,2018-01-25,-15.9,37,2.4,1985,-27.2
1326,2018-01-25,-15.8,37,2.7,NA,-27.1
1327,2018-01-25,-16.1,33,3,2000,-28.7
1328,2018-01-25,NA,33,2.2,2000,-28.7
1329,2018-01-25,-16.4,32,3.3,2000,-29.2
1330,2018-01-25,-16.2,33,2.9,2000,-28.7
1331,2018-01-25,-15.3,33,2.4,2000,-27.9
1332,2018-01-25,-13.8,25,3.5,1996,-29.6
1333,2018-01-25,-12.8,25,3.2,1981,-28.7
1334,2018-01-25,-11.4,27,3.9,2000,-26.7
1335,2018-01-25,-10.4,25,2.3,1981,-26.7
1336,2018-01-25,-9.7,28,3.7,2000,-24.8
1337,2018-01-25,-9.6,31,2.6,1973,-23.6
1338,2018-01-25,-10.9,32,4,2000,-24.4
1339,2018-01-25,-11.8,33,4,2000,-24.8
1340,2018-01-25,-12.7,33,3.7,2000,-25.6
1341,2018-01-25,-13.5,33,2.4,2000,-26.3
1342,2018-01-25,-14.1,35,2.2,2000,-26.2
1343,2018-01-25,-14.6,35,2.5,2000,-26.7
1344,2018-01-25,-14.9,35,2.8,2000,-26.9
1345,2018-01-26,-15.1,34,1.7,2000,-27.4
1346,2018-01-26,-15.3,34,1.7,2000,-27.6
1347,2018-01-26,-15.6,33,2.2,2000,-28.2
1348,2018-01-26,-15.9,34,2.9,2000,-28.2
1349,2018-01-26,-16.4,36,1.5,2000,-28
1350,2018-01-26,-16.9,38,2.3,2000,-27.9
1351,2018-01-26,-17.4,40,1.6,2000,-27.7
1352,2018-01-26,-17.5,38,3.4,2000,-28.4
1353,2018-01-26,-17.8,40,2.5,2000,-28.1
1354,2018-01-26,-17.5,37,NA,1941,-28.7
1355,2018-01-26,-16.5,33,3.4,1703,-29
1356,2018-01-26,-15.6,31,3.3,1808,-28.9
1357,2018-01-26,-14.4,30,2.7,1906,-28.2
1358,2018-01-26,-13.3,28,2.7,1889,-27.9
1359,2018-01-26,-12.1,27,2.5,1879,-27.3
1360,2018-01-26,NA,27,3.3,1805,-26.7
1361,2018-01-26,-10.8,28,2.7,1778,-25.8
1362,2018-01-26,-11.5,31,3.3,1745,-25.2
1363,2018-01-26,-12.7,33,2.5,1835,-25.6
1364,2018-01-26,-13.2,33,2.4,1863,-26.1
1365,2018-01-26,-13.7,35,1.7,1878,-25.9
1366,2018-01-26,-14.1,36,1.8,1869,-25.9
1367,2018-01-26,-14.6,40,1.8,1746,-25.2
1368,2018-01-26,-14.4,38,2.7,1738,-25.6
1369,2018-01-27,-15,42,1.2,1766,-25
1370,2018-01-27,-15.1,43,0.8,1905,-24.9
1371,2018-01-27,-15.3,43,0.6,1867,-25
1372,2018-01-27,-15.3,43,0.8,1963,-25
1373,2018-01-27,-15.3,47,0.8,1868,-24
1374,2018-01-27,-15.4,45,0.8,2000,-24.6
1375,2018-01-27,-15.3,47,0.7,1921,-24
1376,2018-01-27,-15.7,53,1.3,1629,-23.1
1377,2018-01-27,-15.9,58,0.9,1369,-22.2
1378,2018-01-27,-15.1,49,1.1,1401,-23.4
1379,2018-01-27,-12.3,35,0.6,1497,-24.6
1380,2018-01-27,-9.6,33,1.1,1748,-22.9
1381,2018-01-27,-7.7,32,2.5,1763,-21.5
1382,2018-01-27,-6.6,27,2.1,1889,-22.5
1383,2018-01-27,-4.1,25,2,1730,-21.2
1384,2018-01-27,-3.7,26,2.2,1739,-20.4
1385,2018-01-27,-3.7,25,2.6,1839,-20.9
1386,2018-01-27,-4.6,26,1.9,2000,-21.2
1387,2018-01-27,-6.6,31,3,1988,-20.9
1388,2018-01-27,-7.1,33,2,1887,-20.6
1389,2018-01-27,-7.6,36,1.7,1858,-20.1
1390,2018-01-27,-7.9,35,2.6,1878,-20.7
1391,2018-01-27,-7.8,43,2.3,1804,-18.2
1392,2018-01-27,-7.6,42,1.2,1760,-18.3
1393,2018-01-28,-7.5,36,2.3,1972,-20
1394,2018-01-28,-7.5,45,2.4,1853,-17.4
1395,2018-01-28,-7.8,51,1.9,1627,-16.1
1396,2018-01-28,-7.7,49,1.8,1573,-16.5
1397,2018-01-28,-7.6,37,1.6,1966,-19.8
1398,2018-01-28,-7.5,33,1.5,2000,-21
1399,2018-01-28,-7.8,35,1.9,2000,-20.6
1400,2018-01-28,-8,39,1.9,2000,-19.5
1401,2018-01-28,-8.1,43,1.7,1943,NA
1402,2018-01-28,-7.8,41,1.8,1923,-18.7
1403,2018-01-28,-5.9,35,1.9,1940,-18.9
1404,2018-01-28,-4.6,27,2.6,1887,-20.8
1405,2018-01-28,-3.5,26,2.5,1756,-20.2
1406,2018-01-28,-2.4,22,2.5,1866,-21.2
1407,2018-01-28,-1.5,20,3,1992,-21.6
1408,2018-01-28,-1.9,23,4.3,2000,-20.3
1409,2018-01-28,-2.1,27,4,2000,-18.6
1410,2018-01-28,-3.8,32,5.2,2000,-18.1
1411,2018-01-28,-4.9,35,3.7,2000,-18
1412,2018-01-28,-6,31,3.6,2000,-20.4
1413,2018-01-28,-7,30,2.8,2000,-21.6
1414,2018-01-28,-7.3,34,3.5,2000,-20.5
1415,2018-01-28,-7.9,40,2.5,1997,-19.1
1416,2018-01-28,-8.7,42,2.1,1981,-19.3
1417,2018-01-29,-9.3,45,0.7,1976,-19
1418,2018-01-29,-9.8,47,1.3,1934,-19
1419,2018-01-29,-10.2,47,0.9,1808,-19.3
1420,2018-01-29,-9.8,43,2.8,1963,-20
1421,2018-01-29,-9.9,45,2.5,1967,-19.6
1422,2018-01-29,-10.4,47,1,1921,-19.5
1423,2018-01-29,-10.9,43,1,1967,-21
1424,2018-01-29,-11.1,37,1.6,2000,-22.9
1425,2018-01-29,-11.5,38,1,1998,-23
1426,2018-01-29,-10.8,34,2.9,1975,-23.6
1427,2018-01-29,-9.5,28,3.7,1893,-24.6
1428,2018-01-29,-8.1,24,3.6,1761,-25.1
1429,2018-01-29,-7.3,23,3.8,1903,-24.9
1430,2018-01-29,-6.9,23,4.6,1963,-24.6
1431,2018-01-29,-5.7,23,4.5,1956,-23.5
1432,2018-01-29,-5.2,27,4.5,1927,-21.3
1433,2018-01-29,-5.5,28,4.3,1926,-21.1
1434,2018-01-29,-5.7,30,3.6,1978,-20.5
1435,2018-01-29,-6.6,34,2.5,2000,-19.8
1436,2018-01-29,-7.1,40,3.2,2000,-18.4
1437,2018-01-29,-7.4,41,3.8,2000,-18.4
1438,2018-01-29,-7.7,42,2.9,1905,-18.4
1439,2018-01-29,-8.8,40,3,1985,-19.9
1440,2018-01-29,-9.4,41,1.6,2000,-20.2
1441,2018-01-30,-10,34,1.1,2000,-22.9
1442,2018-01-30,-10.4,37,0.3,2000,-22.3
1443,2018-01-30,-10.6,40,1,2000,-21.6
1444,2018-01-30,-10.7,42,1.4,2000,-21.1
1445,2018-01-30,-11.1,50,1.2,1986,-19.4
1446,2018-01-30,-11.3,53,1.6,1979,-19
1447,2018-01-30,-11.2,53,0.9,2000,-18.9
1448,2018-01-30,-11.3,57,0.9,1984,-18.1
1449,2018-01-30,-11.1,61,0.7,1963,-17.1
1450,2018-01-30,-9.9,49,0.8,1624,-18.6
1451,2018-01-30,-7.5,42,0.9,1705,-18.2
1452,2018-01-30,-4.5,29,1.3,1912,-19.8
1453,2018-01-30,-3.2,32,2.7,1900,-17.5
1454,2018-01-30,-1.3,35,2,1893,-14.8
1455,2018-01-30,-1.1,46,2.1,1437,-11.2
1456,2018-01-30,-1.6,55,2.5,1891,-9.4
1457,2018-01-30,-2.2,76,1.7,233,-5.8
1458,2018-01-30,-2.4,85,0.3,174,-4.5
1459,2018-01-30,-2.3,91,0.4,NA,-3.5
1460,2018-01-30,-1.7,91,1.1,167,-2.9
1461,2018-01-30,-1.5,91,1.7,270,-2.7
1462,2018-01-30,-1.6,91,1.3,508,-2.8
1463,2018-01-30,-1.7,85,1.2,1006,-3.8
1464,2018-01-30,-1.7,83,1,1093,-4.2
1465,2018-01-31,-1.7,83,0.8,1113,-4.2
1466,2018-01-31,-1.6,81,1.1,1141,-4.4
1467,2018-01-31,-1.6,80,1.4,1097,-4.6
1468,2018-01-31,-2.2,83,1,977,-4.7
1469,2018-01-31,-2.4,82,1.5,877,-5
1470,2018-01-31,-2.8,83,0.6,946,-5.2
1471,2018-01-31,-3.1,80,0.7,1215,-6
1472,2018-01-31,-3.5,83,1.6,953,-5.9
1473,2018-01-31,-3.6,83,1.7,915,-6
1474,2018-01-31,-3.3,77,1.2,916,-6.7
1475,2018-01-31,-2.3,63,1.7,1286,-8.4
1476,2018-01-31,-1.5,46,2.5,1906,-11.6
1477,2018-01-31,-1,35,2.7,1921,-14.5
1478,2018-01-31,-0.8,39,2.6,1853,-13
1479,2018-01-31,-0.7,33,2.7,1984,-15
1480,2018-01-31,-0.5,30,2.3,1997,-15.9
1481,2018-01-31,-0.1,29,1.6,2000,-16
1482,2018-01-31,-0.9,34,2.8,2000,-14.8
1483,2018-01-31,-1.8,35,2.1,2000,-15.2
1484,2018-01-31,-2.2,36,2.2,2000,-15.2
1485,2018-01-31,-2.6,36,3.1,2000,-15.6
1486,2018-01-31,-3.4,40,0.9,2000,-15
1487,2018-01-31,-4.2,48,1,2000,-13.5
1488,2018-01-31,-4.7,53,1.3,2000,-12.8
1489,2018-02-01,-5.2,56,1.4,1996,-12.6
1490,2018-02-01,-5.4,54,1.7,1996,-13.2
1491,2018-02-01,-5.5,NA,2.1,1980,-13.5
1492,2018-02-01,-6.2,57,1.6,1874,-13.3
1493,2018-02-01,-7.1,56,1.8,1841,-14.4
1494,2018-02-01,-7.8,65,2.3,1737,-13.2
1495,2018-02-01,-8.1,59,0.7,1915,-14.7
1496,2018-02-01,-8.7,64,0.5,1972,-14.2
1497,2018-02-01,-8.6,59,1,1948,-15.1
1498,2018-02-01,-7.9,50,0.6,1805,-16.5
1499,2018-02-01,-5,41,0.5,1799,-16.2
1500,2018-02-01,-2.6,33,1.5,1830,-16.6
1501,2018-02-01,-1.1,31,1.3,1869,-16.1
1502,2018-02-01,0.3,28,3.1,1988,-16.1
1503,2018-02-01,0.8,23,3.2,2000,-18
1504,2018-02-01,0.7,25,3,1987,-17.1
1505,2018-02-01,1.1,26,2.1,1957,-16.3
1506,2018-02-01,0.3,26,2.4,1977,-17
1507,2018-02-01,-1,28,1.9,2000,-17.2
1508,2018-02-01,-1.8,32,1.5,2000,-16.3
1509,2018-02-01,-2.4,36,1,2000,-15.4
1510,2018-02-01,-3.2,47,1.8,1917,-12.9
1511,2018-02-01,-3.9,52,1.2,1871,-12.3
1512,2018-02-01,-4.5,55,0.4,1908,-12.1
1513,2018-02-02,-4.9,56,1.1,1982,-12.3
1514,2018-02-02,-5.2,56,0.9,1973,-12.6
1515,2018-02-02,-5.7,59,0.3,1951,-12.4
1516,2018-02-02,-6.3,63,0.9,1425,-12.2
1517,2018-02-02,-6.7,65,1.1,1705,-12.1
1518,2018-02-02,-6.8,61,0.2,1724,-13
1519,2018-02-02,-7,62,1.3,1830,-13
1520,2018-02-02,-7.4,62,1.5,1909,-13.4
1521,2018-02-02,-7.4,58,2.2,1882,-14.2
1522,2018-02-02,-6.5,54,1.2,1541,-14.2
1523,2018-02-02,-4.1,43,1.2,1187,-14.8
1524,2018-02-02,-1.4,37,1,1317,-14.2
1525,2018-02-02,0.9,37,1.5,1283,NA
1526,2018-02-02,1.6,29,2.2,1662,-14.5
1527,2018-02-02,3.2,26,2.2,1499,-14.5
1528,2018-02-02,3.6,26,2.4,1687,-14.1
1529,2018-02-02,2.9,26,3,1968,-14.7
1530,2018-02-02,NA,25,2.3,1998,-16
1531,2018-02-02,0.5,37,3,1733,-12.5
1532,2018-02-02,-0.5,43,2.5,1666,-11.5
1533,2018-02-02,-1.3,51,2.4,1481,-10.1
1534,2018-02-02,-2,61,1.7,1655,-8.5
1535,2018-02-02,-2.4,63,1.3,1523,-8.4
1536,2018-02-02,-2.6,69,2,1434,-7.5
1537,2018-02-03,-2.5,69,2.2,1366,-7.4
1538,2018-02-03,-2.3,71,3.2,1078,-6.8
1539,2018-02-03,-3.4,82,4.2,184,-6
1540,2018-02-03,-4.4,80,4.3,346,-7.3
1541,2018-02-03,-5.6,74,4,387,-9.5
1542,2018-02-03,-6.3,65,3.9,1521,-11.8
1543,2018-02-03,-7.8,57,4.8,1867,-14.8
1544,2018-02-03,-8.8,58,4,1942,-15.5
1545,2018-02-03,-9.5,56,3.5,1979,-16.6
1546,2018-02-03,-9.4,47,3.3,1995,-18.6
1547,2018-02-03,-8.5,43,4,1797,-18.8
1548,2018-02-03,-7.7,41,4.6,1984,-18.7
1549,2018-02-03,-6,38,3.4,1930,-18
1550,2018-02-03,-5.8,38,3.7,1961,-17.8
1551,2018-02-03,-5,31,4,2000,-19.5
1552,2018-02-03,-4.5,31,4.3,1979,-19.1
1553,2018-02-03,-4.2,31,3.5,1974,-18.8
1554,2018-02-03,-5.6,32,4.6,2000,-19.7
1555,2018-02-03,-6.6,36,4.4,2000,-19.2
1556,2018-02-03,-7.6,32,4.8,2000,-21.4
1557,2018-02-03,-8.5,31,4.1,2000,-22.6
1558,2018-02-03,-9.1,38,2.7,2000,-20.8
1559,2018-02-03,-9.7,45,3,2000,-19.4
1560,2018-02-03,-10,48,2.6,2000,-18.9
1561,2018-02-04,-10.4,49,2.4,2000,-19
1562,2018-02-04,-10.5,48,3.1,2000,-19.4
1563,2018-02-04,-10.5,49,2,2000,-19.1
1564,2018-02-04,-10.6,47,3.7,2000,-19.7
1565,2018-02-04,-11.2,47,2.3,2000,-20.3
1566,2018-02-04,-11.5,51,3.3,1996,-19.6
1567,2018-02-04,-11.8,54,2.4,1917,-19.2
1568,2018-02-04,-12.4,54,2.5,1790,-19.8
1569,2018-02-04,-12.8,56,2.4,1507,-19.7
1570,2018-02-04,-12.4,51,3.8,1415,-20.4
1571,2018-02-04,-11.2,43,3.5,1359,-21.3
1572,2018-02-04,NA,37,2.8,1436,-21.6
1573,2018-02-04,-8.3,32,1.8,1295,-22.1
1574,2018-02-04,-8.3,34,4,1561,-21.4
1575,2018-02-04,-7.4,33,4,1713,-20.9
1576,2018-02-04,-6.4,30,4.9,1939,-21.1
1577,2018-02-04,-5.4,29,3.6,1979,-20.6
1578,2018-02-04,-5.9,27,3.6,1974,-21.9
1579,2018-02-04,-7,26,4.1,2000,-23.3
1580,2018-02-04,-7.7,31,3.3,2000,-21.9
1581,2018-02-04,-8.2,28,3.5,2000,-23.5
1582,2018-02-04,-8.9,35,3.2,2000,-21.6
1583,2018-02-04,-9.7,45,1.3,2000,-19.4
1584,2018-02-04,-10.3,48,2,2000,-19.2
1585,2018-02-05,-10.5,52,2.4,2000,-18.4
1586,2018-02-05,-11.2,54,1,2000,-18.6
1587,2018-02-05,-11.2,55,1.5,2000,-18.4
1588,2018-02-05,-11.3,54,0.6,2000,-18.7
1589,2018-02-05,-11.7,51,1.2,2000,-19.8
1590,2018-02-05,-11.6,45,2.4,2000,-21.1
1591,2018-02-05,-11.5,40,2.3,2000,-22.4
1592,2018-02-05,-11.6,44,1.6,2000,-21.4
1593,2018-02-05,-11.5,40,2.8,2000,-22.4
1594,2018-02-05,-11.1,38,2.4,1945,-22.6
1595,2018-02-05,-9.6,32,3.7,2000,-23.2
1596,2018-02-05,-8.5,27,4.7,1894,-24.2
1597,2018-02-05,-7.8,28,4.1,2000,-23.1
1598,2018-02-05,-7,25,4.2,1999,-23.7
1599,2018-02-05,-6.4,24,4.6,1970,-23.7
1600,2018-02-05,-5.7,25,4.4,1995,-22.6
1601,2018-02-05,-5.4,25,3.4,1985,-22.3
1602,2018-02-05,-6.4,28,4.5,2000,-21.9
1603,2018-02-05,-7.6,29,3.5,2000,-22.6
1604,2018-02-05,-8.3,29,4.1,2000,-23.2
1605,2018-02-05,-9.1,35,3.8,2000,-21.7
1606,2018-02-05,-9.8,41,3.9,1949,-20.6
1607,2018-02-05,-10.3,43,3.7,1876,-20.5
1608,2018-02-05,-10.5,47,2.8,1794,-19.6
1609,2018-02-06,-10.6,47,3.5,1803,-19.7
1610,2018-02-06,-10.9,36,3.3,2000,-23
1611,2018-02-06,-11.2,36,2.9,1981,-23.3
1612,2018-02-06,-11.6,35,3.2,1992,-24
1613,2018-02-06,-12,36,2.7,1998,-24
1614,2018-02-06,-12.3,37,2.9,2000,-24
1615,2018-02-06,-12.5,40,3.4,1991,-23.3
1616,2018-02-06,-12.7,41,3.7,1982,-23.2
1617,2018-02-06,-12.7,41,3.1,2000,-23.2
1618,2018-02-06,-12.3,39,3.7,1984,-23.4
1619,2018-02-06,-11.3,35,4.2,1848,-23.7
1620,2018-02-06,-9.9,32,3.3,1863,-23.5
1621,2018-02-06,-8.2,31,2.7,1858,-22.3
1622,2018-02-06,-7.5,28,4.3,1904,-22.9
1623,2018-02-06,-7,26,4.4,1986,-23.3
1624,2018-02-06,-5.9,25,3.1,1936,-22.8
1625,2018-02-06,-5.9,24,3.5,2000,-23.2
1626,2018-02-06,-6.6,29,2.5,2000,-21.7
1627,2018-02-06,-7.6,36,3.3,2000,-20.1
1628,2018-02-06,-8.4,37,4,2000,-20.5
1629,2018-02-06,-9.6,34,2.6,2000,-22.5
1630,2018-02-06,-10.6,39,3.1,2000,-21.9
1631,2018-02-06,-11.1,43,1.8,1960,-21.2
1632,2018-02-06,-11.8,46,1.1,1860,-21.1
1633,2018-02-07,-12.3,47,0.4,1848,-21.3
1634,2018-02-07,-12.3,47,1.9,1837,-21.3
1635,2018-02-07,-12.5,50,1,1722,-20.8
1636,2018-02-07,-12.5,49,1.5,1885,-21
1637,2018-02-07,-13.1,54,0.7,1369,-20.4
1638,2018-02-07,-13,53,0.7,1810,-20.5
1639,2018-02-07,-13.2,50,0.5,1873,-21.4
1640,2018-02-07,-13.2,56,0.9,1665,-20.1
1641,2018-02-07,-13.3,60,0.6,1598,-19.4
1642,2018-02-07,-12,50,1.3,1523,-20.3
1643,2018-02-07,-9.6,39,0.7,1580,-21
1644,2018-02-07,-7,28,3.3,1829,-22.4
1645,2018-02-07,-6,24,2.6,1964,-23.3
1646,2018-02-07,-4.5,23,2.6,1937,-22.5
1647,2018-02-07,-3.5,20,1.5,1976,-23.2
1648,2018-02-07,-2.1,20,2.3,1961,-22.1
1649,2018-02-07,-1.7,18,2,1919,-22.9
1650,2018-02-07,-2.3,20,2.2,1994,-22.2
1651,2018-02-07,-4,27,2.5,2000,-20.2
1652,2018-02-07,-5.2,33,2.6,2000,-19
1653,2018-02-07,-5.8,44,2.1,1994,-16.1
1654,2018-02-07,-6.3,48,2.2,1965,-15.5
1655,2018-02-07,-6.8,50,1.7,1856,-15.5
1656,2018-02-07,-7.6,50,1,1839,-16.2
